UniProt ID,Chain ID,Sequence Length,PDB File
Q9Y264,A,503,Q9Y264.pdb
Q03167,A,851,Q03167.pdb
Q6UXD5,A,910,Q6UXD5.pdb
P30086,A,187,P30086.pdb
Q9Y4X3,A,112,Q9Y4X3.pdb
P55291,A,814,P55291.pdb
P25787,A,234,P25787.pdb
P23284,A,216,P23284.pdb
P06681,A,752,P06681.pdb
P09619,A,1106,P09619.pdb
P01137,A,390,P01137.pdb
Q01344,A,420,Q01344.pdb
P43630,A,455,P43630.pdb
Q15056,A,248,Q15056.pdb
P01130,A,860,P01130.pdb
P25786,A,263,P25786.pdb
Q9UNZ2,A,370,Q9UNZ2.pdb
P60900,A,246,P60900.pdb
P14550,A,325,P14550.pdb
Q92484,A,453,Q92484.pdb
P78556,A,96,P78556.pdb
P61769,A,119,P61769.pdb
Q13591,A,1074,Q13591.pdb
P09936,A,223,P09936.pdb
Q969D9,A,159,Q969D9.pdb
P00736,A,705,P00736.pdb
P05067,A,770,P05067.pdb
Q13253,A,232,Q13253.pdb
Q9UBN6,A,386,Q9UBN6.pdb
Q68DV7,A,783,Q68DV7.pdb
P12004,A,261,P12004.pdb
P09237,A,267,P09237.pdb
P01036,A,141,P01036.pdb
P13598,A,275,P13598.pdb
P25098,A,689,P25098.pdb
Q96PD4,A,163,Q96PD4.pdb
Q9Y625,A,555,Q9Y625.pdb
O95389,A,354,O95389.pdb
Q9NQ76,A,525,Q9NQ76.pdb
O95631,A,604,O95631.pdb
P15848,A,533,P15848.pdb
O95727,A,393,O95727.pdb
Q16719,A,465,Q16719.pdb
Q9H3T3,A,888,Q9H3T3.pdb
P18065,A,325,P18065.pdb
Q13946,A,482,Q13946.pdb
Q13443,A,819,Q13443.pdb
Q8TD46,A,325,Q8TD46.pdb
P04629,A,796,P04629.pdb
P39060,A,1754,P39060.pdb
P05230,A,155,P05230.pdb
O76096,A,145,O76096.pdb
P36941,A,435,P36941.pdb
P04179,A,222,P04179.pdb
Q13813,A,2472,Q13813.pdb
Q12860,A,1018,Q12860.pdb
P07478,A,247,P07478.pdb
P35968,A,1356,P35968.pdb
Q6NW40,A,437,Q6NW40.pdb
O94907,A,266,O94907.pdb
P10147,A,92,P10147.pdb
P23946,A,247,P23946.pdb
Q96BQ1,A,224,Q96BQ1.pdb
Q9GZX6,A,179,Q9GZX6.pdb
Q96KN2,A,507,Q96KN2.pdb
P01024,A,1663,P01024.pdb
Q96HD1,A,420,Q96HD1.pdb
P49763,A,221,P49763.pdb
P09341,A,107,P09341.pdb
P17181,A,557,P17181.pdb
P07359,A,652,P07359.pdb
O76074,A,875,O76074.pdb
Q16772,A,222,Q16772.pdb
Q04721,A,2471,Q04721.pdb
P01133,A,1207,P01133.pdb
Q2I0M5,A,234,Q2I0M5.pdb
Q06609,A,339,Q06609.pdb
Q01105,A,290,Q01105.pdb
P01033,A,207,P01033.pdb
Q05397,A,1052,Q05397.pdb
Q8NFM7,A,739,Q8NFM7.pdb
P32971,A,234,P32971.pdb
P23528,A,166,P23528.pdb
O00755,A,349,O00755.pdb
O60930,A,286,O60930.pdb
P00742,A,488,P00742.pdb
O00175,A,119,O00175.pdb
P55010,A,431,P55010.pdb
O95998,A,194,O95998.pdb
O75594,A,196,O75594.pdb
P0CG47,A,229,P0CG47.pdb
P04150,A,777,P04150.pdb
Q9P0G3,A,267,Q9P0G3.pdb
O60506,A,623,O60506.pdb
Q16548,A,175,Q16548.pdb
Q16543,A,378,Q16543.pdb
Q01151,A,205,Q01151.pdb
Q92956,A,283,Q92956.pdb
P32004,A,1257,P32004.pdb
P01833,A,764,P01833.pdb
P01374,A,205,P01374.pdb
Q96GD4,A,344,Q96GD4.pdb
P16333,A,377,P16333.pdb
Q9BWV1,A,1114,Q9BWV1.pdb
P99999,A,105,P99999.pdb
P42892,A,770,P42892.pdb
O60609,A,400,O60609.pdb
Q96PX8,A,696,Q96PX8.pdb
P80188,A,198,P80188.pdb
P09769,A,529,P09769.pdb
P49767,A,419,P49767.pdb
Q15796,A,467,Q15796.pdb
P20333,A,461,P20333.pdb
Q8N8U9,A,685,Q8N8U9.pdb
P20273,A,847,P20273.pdb
Q8N1Q1,A,262,Q8N1Q1.pdb
P12272,A,177,P12272.pdb
O60258,A,216,O60258.pdb
Q9BU40,A,456,Q9BU40.pdb
Q9UHF5,A,180,Q9UHF5.pdb
O60880,A,128,O60880.pdb
Q9BYF1,A,805,Q9BYF1.pdb
P16035,A,220,P16035.pdb
P22607,A,806,P22607.pdb
Q9H2A7,A,254,Q9H2A7.pdb
Q05315,A,142,Q05315.pdb
Q92794,A,2004,Q92794.pdb
P05362,A,532,P05362.pdb
P98066,A,277,P98066.pdb
P14543,A,1247,P14543.pdb
Q9NZU1,A,646,Q9NZU1.pdb
P02768,A,609,P02768.pdb
P08833,A,259,P08833.pdb
O95633,A,263,O95633.pdb
Q08380,A,585,Q08380.pdb
Q9Y5N5,A,214,Q9Y5N5.pdb
P12277,A,381,P12277.pdb
P18627,A,525,P18627.pdb
P35443,A,961,P35443.pdb
P29320,A,983,P29320.pdb
Q6UX06,A,510,Q6UX06.pdb
P09104,A,434,P09104.pdb
P35247,A,375,P35247.pdb
Q8IVD9,A,361,Q8IVD9.pdb
P15514,A,252,P15514.pdb
P09429,A,215,P09429.pdb
Q9HB29,A,575,Q9HB29.pdb
O14625,A,94,O14625.pdb
Q16270,A,282,Q16270.pdb
P04085,A,211,P04085.pdb
P13987,A,128,P13987.pdb
P07996,A,1170,P07996.pdb
P06213,A,1382,P06213.pdb
Q14145,A,624,Q14145.pdb
P01011,A,423,P01011.pdb
P03952,A,638,P03952.pdb
P30101,A,505,P30101.pdb
O43488,A,359,O43488.pdb
P06703,A,90,P06703.pdb
Q14563,A,771,Q14563.pdb
Q9NZS2,A,231,Q9NZS2.pdb
P50895,A,628,P50895.pdb
P60568,A,153,P60568.pdb
Q9Y286,A,467,Q9Y286.pdb
Q96B86,A,450,Q96B86.pdb
P25774,A,331,P25774.pdb
Q9UNP9,A,301,Q9UNP9.pdb
Q9UNE7,A,303,Q9UNE7.pdb
P06733,A,434,P06733.pdb
P20718,A,246,P20718.pdb
Q13561,A,401,Q13561.pdb
O95185,A,931,O95185.pdb
P52209,A,483,P52209.pdb
P39905,A,211,P39905.pdb
P02775,A,128,P02775.pdb
Q13554,A,666,Q13554.pdb
P01236,A,227,P01236.pdb
Q9UM47,A,2321,Q9UM47.pdb
P58294,A,105,P58294.pdb
P08294,A,240,P08294.pdb
Q7L7L0,A,130,Q7L7L0.pdb
Q99731,A,98,Q99731.pdb
Q9H773,A,170,Q9H773.pdb
Q02246,A,1040,Q02246.pdb
P01588,A,193,P01588.pdb
Q15828,A,149,Q15828.pdb
Q96P31,A,734,Q96P31.pdb
P12268,A,514,P12268.pdb
Q96GW7,A,911,Q96GW7.pdb
O75556,A,95,O75556.pdb
P35613,A,385,P35613.pdb
Q8N474,A,314,Q8N474.pdb
Q96RJ3,A,184,Q96RJ3.pdb
P22749,A,145,P22749.pdb
O43866,A,347,O43866.pdb
P30041,A,224,P30041.pdb
P09919,A,207,P09919.pdb
P43166,A,264,P43166.pdb
P04004,A,478,P04004.pdb
Q9UBR2,A,303,Q9UBR2.pdb
P61278,A,116,P61278.pdb
O43781,A,588,O43781.pdb
Q96DA6,A,116,Q96DA6.pdb
Q9Y5C1,A,460,Q9Y5C1.pdb
Q15762,A,336,Q15762.pdb
O43927,A,109,O43927.pdb
Q9H2E6,A,1030,Q9H2E6.pdb
P43403,A,619,P43403.pdb
Q9Y5K2,A,254,Q9Y5K2.pdb
Q16623,A,288,Q16623.pdb
P42575,A,452,P42575.pdb
P10145,A,99,P10145.pdb
P27658,A,744,P27658.pdb
P12314,A,374,P12314.pdb
Q5T4W7,A,220,Q5T4W7.pdb
P29965,A,261,P29965.pdb
P54760,A,987,P54760.pdb
Q15768,A,340,Q15768.pdb
P40225,A,353,P40225.pdb
P09326,A,243,P09326.pdb
Q9NZH6,A,218,Q9NZH6.pdb
Q00872,A,1141,Q00872.pdb
P78344,A,907,P78344.pdb
P10767,A,208,P10767.pdb
P10909,A,449,P10909.pdb
P07093,A,398,P07093.pdb
P01189,A,267,P01189.pdb
Q9UBC2,A,864,Q9UBC2.pdb
P25685,A,340,P25685.pdb
Q8NCW0,A,462,Q8NCW0.pdb
Q9BZW8,A,370,Q9BZW8.pdb
P26038,A,577,P26038.pdb
P60604,A,165,P60604.pdb
P16112,A,2530,P16112.pdb
Q02083,A,359,Q02083.pdb
P12956,A,609,P12956.pdb
Q8TDQ0,A,301,Q8TDQ0.pdb
Q9UK85,A,242,Q9UK85.pdb
Q495T6,A,779,Q495T6.pdb
P78423,A,397,P78423.pdb
P21810,A,368,P21810.pdb
P07492,A,148,P07492.pdb
Q08945,A,709,Q08945.pdb
P51452,A,185,P51452.pdb
O15520,A,208,O15520.pdb
P67936,A,248,P67936.pdb
P40189,A,918,P40189.pdb
Q9UIC8,A,334,Q9UIC8.pdb
P17213,A,487,P17213.pdb
Q9NP84,A,129,Q9NP84.pdb
P21802,A,821,P21802.pdb
P38919,A,411,P38919.pdb
Q9UHD2,A,729,Q9UHD2.pdb
Q02297,A,640,Q02297.pdb
Q02487,A,901,Q02487.pdb
Q9HAP6,A,207,Q9HAP6.pdb
P12931,A,536,P12931.pdb
Q5JZY3,A,1008,Q5JZY3.pdb
O14763,A,440,O14763.pdb
P12318,A,317,P12318.pdb
P02144,A,154,P02144.pdb
O95711,A,162,O95711.pdb
P16410,A,223,P16410.pdb
P37023,A,503,P37023.pdb
Q9UIB8,A,345,Q9UIB8.pdb
P17931,A,250,P17931.pdb
O60486,A,1568,O60486.pdb
Q9Y5S2,A,1711,Q9Y5S2.pdb
O60674,A,1132,O60674.pdb
P30519,A,316,P30519.pdb
Q9UHP3,A,1055,Q9UHP3.pdb
P30419,A,496,P30419.pdb
P16403,A,213,P16403.pdb
P80511,A,92,P80511.pdb
O00451,A,464,O00451.pdb
P36871,A,562,P36871.pdb
P29317,A,976,P29317.pdb
P45452,A,471,P45452.pdb
P17813,A,658,P17813.pdb
P29622,A,427,P29622.pdb
O15467,A,120,O15467.pdb
Q15485,A,313,Q15485.pdb
P68431,A,136,P68431.pdb
Q9NZ08,A,941,Q9NZ08.pdb
Q12841,A,308,Q12841.pdb
P52789,A,917,P52789.pdb
P22301,A,178,P22301.pdb
P22392,A,152,P22392.pdb
Q9UM44,A,414,Q9UM44.pdb
Q9H098,A,131,Q9H098.pdb
Q7LFX5,A,561,Q7LFX5.pdb
P68400,A,391,P68400.pdb
O00214,A,317,O00214.pdb
P09238,A,476,P09238.pdb
P13501,A,91,P13501.pdb
O14793,A,375,O14793.pdb
Q07325,A,125,Q07325.pdb
Q14624,A,930,Q14624.pdb
P15428,A,266,P15428.pdb
O75356,A,428,O75356.pdb
P08254,A,477,P08254.pdb
P50542,A,639,P50542.pdb
P45379,A,298,P45379.pdb
P24298,A,496,P24298.pdb
P00750,A,562,P00750.pdb
P19429,A,210,P19429.pdb
Q07011,A,255,Q07011.pdb
P07339,A,412,P07339.pdb
Q15648,A,1581,Q15648.pdb
Q02750,A,393,Q02750.pdb
Q9ULT6,A,936,Q9ULT6.pdb
P14136,A,432,P14136.pdb
P13591,A,858,P13591.pdb
Q9NR61,A,685,Q9NR61.pdb
P55774,A,89,P55774.pdb
Q9NPH3,A,570,Q9NPH3.pdb
P35225,A,146,P35225.pdb
P27348,A,245,P27348.pdb
Q96DU3,A,332,Q96DU3.pdb
P22223,A,829,P22223.pdb
P42680,A,631,P42680.pdb
P06576,A,529,P06576.pdb
P10415,A,239,P10415.pdb
Q9GZX3,A,395,Q9GZX3.pdb
Q8N6P7,A,574,Q8N6P7.pdb
P41217,A,278,P41217.pdb
Q13449,A,338,Q13449.pdb
O43323,A,396,O43323.pdb
P21246,A,168,P21246.pdb
P08620,A,206,P08620.pdb
P52292,A,529,P52292.pdb
P61289,A,254,P61289.pdb
Q9Y3A5,A,250,Q9Y3A5.pdb
P18075,A,431,P18075.pdb
Q9BQB4,A,213,Q9BQB4.pdb
Q99471,A,154,Q99471.pdb
P01138,A,241,P01138.pdb
P02787,A,698,P02787.pdb
P20783,A,257,P20783.pdb
Q9BXJ7,A,453,Q9BXJ7.pdb
P08069,A,1367,P08069.pdb
P54756,A,1037,P54756.pdb
P31948,A,543,P31948.pdb
P60880,A,206,P60880.pdb
O60911,A,334,O60911.pdb
P02776,A,101,P02776.pdb
P07237,A,508,P07237.pdb
P28482,A,360,P28482.pdb
P30405,A,207,P30405.pdb
O00541,A,588,O00541.pdb
P45985,A,399,P45985.pdb
P16871,A,459,P16871.pdb
P43652,A,599,P43652.pdb
P58499,A,235,P58499.pdb
O00548,A,723,O00548.pdb
O00764,A,312,O00764.pdb
P09211,A,210,P09211.pdb
P20393,A,614,P20393.pdb
Q9NZU0,A,649,Q9NZU0.pdb
Q8N3X6,A,602,Q8N3X6.pdb
P60174,A,249,P60174.pdb
O15496,A,165,O15496.pdb
Q8TAD2,A,202,Q8TAD2.pdb
P04196,A,525,P04196.pdb
Q14162,A,830,Q14162.pdb
P56470,A,323,P56470.pdb
Q16552,A,155,Q16552.pdb
P02771,A,609,P02771.pdb
P01857,A,330,P01857.pdb
P08631,A,526,P08631.pdb
Q13740,A,583,Q13740.pdb
P21709,A,976,P21709.pdb
Q9BX67,A,310,Q9BX67.pdb
P20160,A,251,P20160.pdb
P08758,A,320,P08758.pdb
P03951,A,625,P03951.pdb
Q9NR71,A,780,Q9NR71.pdb
Q9BQ51,A,273,Q9BQ51.pdb
P0DMV8,A,641,P0DMV8.pdb
P22004,A,513,P22004.pdb
P17174,A,413,P17174.pdb
Q96CA5,A,298,Q96CA5.pdb
P48745,A,357,P48745.pdb
P05162,A,132,P05162.pdb
P22304,A,550,P22304.pdb
Q9UNE0,A,448,Q9UNE0.pdb
P07858,A,339,P07858.pdb
Q76M96,A,950,Q76M96.pdb
P15531,A,152,P15531.pdb
P15586,A,552,P15586.pdb
Q12907,A,356,Q12907.pdb
P46531,A,2555,P46531.pdb
P52797,A,238,P52797.pdb
Q86VX2,A,200,Q86VX2.pdb
Q9NRR2,A,321,Q9NRR2.pdb
P52803,A,228,P52803.pdb
O43915,A,354,O43915.pdb
P08311,A,255,P08311.pdb
Q6UXZ4,A,953,Q6UXZ4.pdb
O14788,A,317,O14788.pdb
O96017,A,543,O96017.pdb
Q02763,A,1124,Q02763.pdb
Q9BYP7,A,1800,Q9BYP7.pdb
Q16619,A,201,Q16619.pdb
Q9ULZ9,A,603,Q9ULZ9.pdb
P14061,A,328,P14061.pdb
Q14515,A,664,Q14515.pdb
O15444,A,150,O15444.pdb
P18510,A,177,P18510.pdb
P07949,A,1114,P07949.pdb
P46734,A,347,P46734.pdb
Q15848,A,244,Q15848.pdb
P61978,A,463,P61978.pdb
P35354,A,604,P35354.pdb
Q9NP79,A,307,Q9NP79.pdb
P35916,A,1363,P35916.pdb
Q08629,A,439,Q08629.pdb
Q04759,A,706,Q04759.pdb
Q92876,A,244,Q92876.pdb
Q08188,A,693,Q08188.pdb
P60484,A,403,P60484.pdb
Q9HDB5,A,637,Q9HDB5.pdb
Q9UBX1,A,484,Q9UBX1.pdb
Q15063,A,836,Q15063.pdb
P03372,A,595,P03372.pdb
Q8WWQ8,A,2551,Q8WWQ8.pdb
O15530,A,556,O15530.pdb
P81172,A,84,P81172.pdb
P18428,A,481,P18428.pdb
Q9UKR0,A,248,Q9UKR0.pdb
P19367,A,917,P19367.pdb
Q92583,A,94,Q92583.pdb
O43557,A,240,O43557.pdb
Q13651,A,578,Q13651.pdb
Q10588,A,318,Q10588.pdb
O95881,A,172,O95881.pdb
P11309,A,313,P11309.pdb
Q9NZK7,A,142,Q9NZK7.pdb
P01880,A,384,P01880.pdb
P12034,A,268,P12034.pdb
P23280,A,308,P23280.pdb
P07585,A,359,P07585.pdb
P01009,A,418,P01009.pdb
P05413,A,133,P05413.pdb
Q92843,A,193,Q92843.pdb
Q16644,A,382,Q16644.pdb
P07195,A,334,P07195.pdb
P13500,A,99,P13500.pdb
P01730,A,458,P01730.pdb
Q07820,A,350,Q07820.pdb
P80162,A,114,P80162.pdb
O76093,A,207,O76093.pdb
P10451,A,314,P10451.pdb
O75509,A,655,O75509.pdb
P01270,A,115,P01270.pdb
O95274,A,346,O95274.pdb
O14757,A,476,O14757.pdb
P40238,A,635,P40238.pdb
P05019,A,195,P05019.pdb
Q6ZVN8,A,426,Q6ZVN8.pdb
P04183,A,234,P04183.pdb
Q9UHI8,A,967,Q9UHI8.pdb
Q14982,A,345,Q14982.pdb
O94768,A,372,O94768.pdb
Q9HCK4,A,1378,Q9HCK4.pdb
P01275,A,180,P01275.pdb
P62826,A,216,P62826.pdb
Q15389,A,498,Q15389.pdb
Q9UHL4,A,492,Q9UHL4.pdb
P51671,A,97,P51671.pdb
P01854,A,428,P01854.pdb
P22894,A,467,P22894.pdb
P48736,A,1102,P48736.pdb
P42830,A,114,P42830.pdb
P13686,A,325,P13686.pdb
P00533,A,1210,P00533.pdb
P46108,A,304,P46108.pdb
Q07654,A,94,Q07654.pdb
P10645,A,457,P10645.pdb
P48023,A,281,P48023.pdb
P05783,A,430,P05783.pdb
P15941,A,1255,P15941.pdb
P54750,A,535,P54750.pdb
P0CG37,A,223,P0CG37.pdb
P08174,A,381,P08174.pdb
O75015,A,233,O75015.pdb
P06241,A,537,P06241.pdb
P31994,A,310,P31994.pdb
O15041,A,775,O15041.pdb
P78380,A,273,P78380.pdb
P40121,A,348,P40121.pdb
P09603,A,554,P09603.pdb
O95825,A,349,O95825.pdb
P03973,A,132,P03973.pdb
P01563,A,188,P01563.pdb
O94779,A,1100,O94779.pdb
Q9Y6W8,A,199,Q9Y6W8.pdb
P02818,A,100,P02818.pdb
Q8N0W4,A,816,Q8N0W4.pdb
P80098,A,99,P80098.pdb
Q8NAC3,A,791,Q8NAC3.pdb
O00626,A,93,O00626.pdb
P13726,A,295,P13726.pdb
Q13219,A,1627,Q13219.pdb
P39900,A,470,P39900.pdb
Q16663,A,113,Q16663.pdb
Q04609,A,750,Q04609.pdb
Q14574,A,896,Q14574.pdb
P02741,A,224,P02741.pdb
P22692,A,258,P22692.pdb
P09228,A,141,P09228.pdb
Q06124,A,593,Q06124.pdb
Q9UHD0,A,177,Q9UHD0.pdb
Q8WWG1,A,115,Q8WWG1.pdb
Q05655,A,676,Q05655.pdb
P20810,A,708,P20810.pdb
P17676,A,345,P17676.pdb
Q9H9S0,A,305,Q9H9S0.pdb
O43464,A,458,O43464.pdb
P08133,A,673,P08133.pdb
O95994,A,175,O95994.pdb
O43184,A,909,O43184.pdb
Q08499,A,809,Q08499.pdb
P35318,A,185,P35318.pdb
Q9H7M9,A,311,Q9H7M9.pdb
P27918,A,469,P27918.pdb
P00797,A,406,P00797.pdb
Q13261,A,267,Q13261.pdb
P02778,A,98,P02778.pdb
P00749,A,431,P00749.pdb
Q03405,A,335,Q03405.pdb
O00585,A,134,O00585.pdb
Q9UIK4,A,370,Q9UIK4.pdb
Q8N2S1,A,1624,Q8N2S1.pdb
P48061,A,93,P48061.pdb
Q9BY41,A,377,Q9BY41.pdb
P07451,A,260,P07451.pdb
P10809,A,573,P10809.pdb
P06400,A,928,P06400.pdb
P36888,A,993,P36888.pdb
O00220,A,468,O00220.pdb
Q8IU54,A,200,Q8IU54.pdb
P14091,A,396,P14091.pdb
P28908,A,595,P28908.pdb
Q9UJ70,A,344,Q9UJ70.pdb
P98073,A,1019,P98073.pdb
Q96GP6,A,871,Q96GP6.pdb
Q13489,A,604,Q13489.pdb
O76083,A,593,O76083.pdb
Q13478,A,541,Q13478.pdb
Q86Y22,A,540,Q86Y22.pdb
Q96AP7,A,390,Q96AP7.pdb
P00918,A,260,P00918.pdb
O15123,A,496,O15123.pdb
P07148,A,127,P07148.pdb
P05129,A,697,P05129.pdb
P15260,A,489,P15260.pdb
P08476,A,426,P08476.pdb
P05090,A,189,P05090.pdb
P00441,A,154,P00441.pdb
P01589,A,272,P01589.pdb
P80075,A,99,P80075.pdb
P08697,A,491,P08697.pdb
P10721,A,976,P10721.pdb
Q9BXR6,A,569,Q9BXR6.pdb
P09038,A,288,P09038.pdb
P68402,A,229,P68402.pdb
P26447,A,101,P26447.pdb
P26951,A,378,P26951.pdb
P03950,A,147,P03950.pdb
P12544,A,262,P12544.pdb
Q99538,A,433,Q99538.pdb
O60603,A,784,O60603.pdb
Q14112,A,1375,Q14112.pdb
P01019,A,485,P01019.pdb
P62306,A,86,P62306.pdb
Q9Y258,A,94,Q9Y258.pdb
Q9NNX6,A,404,Q9NNX6.pdb
P08887,A,468,P08887.pdb
P07333,A,972,P07333.pdb
P15289,A,507,P15289.pdb
Q6UX15,A,382,Q6UX15.pdb
P02748,A,559,P02748.pdb
P20711,A,480,P20711.pdb
P19022,A,906,P19022.pdb
Q8WWK9,A,683,Q8WWK9.pdb
P10912,A,638,P10912.pdb
O00339,A,956,O00339.pdb
P28325,A,142,P28325.pdb
P26441,A,200,P26441.pdb
O95390,A,407,O95390.pdb
Q49AH0,A,187,Q49AH0.pdb
Q9BY67,A,442,Q9BY67.pdb
P24071,A,287,P24071.pdb
Q99075,A,208,Q99075.pdb
Q15759,A,364,Q15759.pdb
P62937,A,165,P62937.pdb
Q9NYY1,A,176,Q9NYY1.pdb
P05543,A,415,P05543.pdb
P35590,A,1138,P35590.pdb
P78333,A,572,P78333.pdb
P32942,A,547,P32942.pdb
P13385,A,188,P13385.pdb
Q5KU26,A,742,Q5KU26.pdb
Q9Y275,A,285,Q9Y275.pdb
P78552,A,427,P78552.pdb
O95954,A,541,O95954.pdb
Q9BWP8,A,271,Q9BWP8.pdb
O43278,A,529,O43278.pdb
Q9NRA0,A,654,Q9NRA0.pdb
Q01469,A,135,Q01469.pdb
Q13882,A,451,Q13882.pdb
P01037,A,141,P01037.pdb
P11226,A,248,P11226.pdb
P19235,A,508,P19235.pdb
P05113,A,134,P05113.pdb
P42226,A,847,P42226.pdb
Q9Y259,A,395,Q9Y259.pdb
P07306,A,291,P07306.pdb
P98172,A,346,P98172.pdb
Q9HB63,A,628,Q9HB63.pdb
Q6UWB1,A,636,Q6UWB1.pdb
P02649,A,317,P02649.pdb
Q9NQ30,A,184,Q9NQ30.pdb
Q8IWV2,A,1026,Q8IWV2.pdb
P58400,A,472,P58400.pdb
Q9UJU6,A,430,Q9UJU6.pdb
O95944,A,276,O95944.pdb
P55773,A,120,P55773.pdb
O00602,A,326,O00602.pdb
Q6YHK3,A,1445,Q6YHK3.pdb
P31785,A,369,P31785.pdb
Q6UWV6,A,458,Q6UWV6.pdb
P35070,A,178,P35070.pdb
P42224,A,750,P42224.pdb
P57087,A,298,P57087.pdb
P07288,A,261,P07288.pdb
Q08752,A,370,Q08752.pdb
O14929,A,419,O14929.pdb
P37802,A,199,P37802.pdb
P61247,A,264,P61247.pdb
P05161,A,165,P05161.pdb
P16591,A,822,P16591.pdb
P36955,A,418,P36955.pdb
P11387,A,765,P11387.pdb
P19957,A,117,P19957.pdb
O14786,A,923,O14786.pdb
P01034,A,146,P01034.pdb
P61960,A,85,P61960.pdb
Q16674,A,131,Q16674.pdb
P60763,A,192,P60763.pdb
P10914,A,325,P10914.pdb
P62081,A,194,P62081.pdb
P16870,A,476,P16870.pdb
P14780,A,707,P14780.pdb
P31151,A,101,P31151.pdb
P33151,A,784,P33151.pdb
Q96KQ7,A,1210,Q96KQ7.pdb
P68036,A,154,P68036.pdb
P61626,A,148,P61626.pdb
P40925,A,334,P40925.pdb
P43489,A,277,P43489.pdb
P29279,A,349,P29279.pdb
P55854,A,103,P55854.pdb
P04278,A,402,P04278.pdb
Q9H2X3,A,399,Q9H2X3.pdb
Q07021,A,282,Q07021.pdb
O95445,A,188,O95445.pdb
Q9UBP4,A,350,Q9UBP4.pdb
P63104,A,245,P63104.pdb
P16671,A,472,P16671.pdb
O75716,A,305,O75716.pdb
Q96NZ8,A,548,Q96NZ8.pdb
P02790,A,462,P02790.pdb
P07355,A,339,P07355.pdb
P10600,A,412,P10600.pdb
O00206,A,839,O00206.pdb
Q9UGM5,A,382,Q9UGM5.pdb
P20231,A,275,P20231.pdb
P31751,A,481,P31751.pdb
P31937,A,336,P31937.pdb
P22455,A,802,P22455.pdb
P24666,A,158,P24666.pdb
Q9BZM4,A,244,Q9BZM4.pdb
P09960,A,611,P09960.pdb
P36894,A,532,P36894.pdb
P35442,A,1172,P35442.pdb
P46527,A,198,P46527.pdb
Q9UHF4,A,553,Q9UHF4.pdb
P41273,A,254,P41273.pdb
Q86VB7,A,1156,Q86VB7.pdb
Q11128,A,374,Q11128.pdb
P10915,A,354,P10915.pdb
P55289,A,794,P55289.pdb
Q99729,A,332,Q99729.pdb
Q9BXN2,A,247,Q9BXN2.pdb
P50395,A,445,P50395.pdb
Q8IXJ6,A,389,Q8IXJ6.pdb
P00740,A,461,P00740.pdb
Q14397,A,625,Q14397.pdb
P08246,A,267,P08246.pdb
Q9H4F8,A,434,Q9H4F8.pdb
P24592,A,240,P24592.pdb
P36896,A,505,P36896.pdb
Q06323,A,249,Q06323.pdb
O00408,A,941,O00408.pdb
P09683,A,121,P09683.pdb
Q13093,A,441,Q13093.pdb
P08581,A,1390,P08581.pdb
P30040,A,261,P30040.pdb
P01871,A,453,P01871.pdb
Q99983,A,421,Q99983.pdb
Q4KMG0,A,1287,Q4KMG0.pdb
P02765,A,367,P02765.pdb
P09493,A,284,P09493.pdb
O43320,A,207,O43320.pdb
P01282,A,170,P01282.pdb
P28799,A,593,P28799.pdb
P27930,A,398,P27930.pdb
Q96F46,A,866,Q96F46.pdb
O60565,A,184,O60565.pdb
O75144,A,302,O75144.pdb
O95990,A,144,O95990.pdb
P11142,A,646,P11142.pdb
P56211,A,112,P56211.pdb
P55285,A,790,P55285.pdb
P45973,A,191,P45973.pdb
Q6UXK2,A,745,Q6UXK2.pdb
P11717,A,2491,P11717.pdb
P02788,A,710,P02788.pdb
P04141,A,144,P04141.pdb
P03971,A,560,P03971.pdb
P17252,A,672,P17252.pdb
Q92838,A,391,Q92838.pdb
P54826,A,345,P54826.pdb
P01308,A,110,P01308.pdb
O95388,A,367,O95388.pdb
P01567,A,189,P01567.pdb
Q9UNG2,A,199,Q9UNG2.pdb
Q9NPY3,A,652,Q9NPY3.pdb
P13232,A,177,P13232.pdb
P63241,A,154,P63241.pdb
O14836,A,293,O14836.pdb
P29350,A,595,P29350.pdb
O43765,A,313,O43765.pdb
O95393,A,424,O95393.pdb
P08185,A,405,P08185.pdb
O95571,A,254,O95571.pdb
P36507,A,400,P36507.pdb
Q9HC73,A,371,Q9HC73.pdb
Q16790,A,459,Q16790.pdb
O60259,A,260,O60259.pdb
P04035,A,888,P04035.pdb
O00253,A,132,O00253.pdb
P45983,A,427,P45983.pdb
Q8N5S9,A,505,Q8N5S9.pdb
Q9UQ80,A,394,Q9UQ80.pdb
P50281,A,582,P50281.pdb
P15692,A,232,P15692.pdb
Q29980,A,383,Q29980.pdb
Q9Y4C5,A,530,Q9Y4C5.pdb
P63098,A,170,P63098.pdb
Q16778,A,126,Q16778.pdb
P31947,A,248,P31947.pdb
Q96GD0,A,296,Q96GD0.pdb
O43921,A,213,O43921.pdb
O60243,A,411,O60243.pdb
P01241,A,217,P01241.pdb
P06396,A,782,P06396.pdb
O94991,A,958,O94991.pdb
P30566,A,484,P30566.pdb
P08253,A,660,P08253.pdb
O75355,A,529,O75355.pdb
P48047,A,213,P48047.pdb
O75914,A,559,O75914.pdb
P04637,A,393,P04637.pdb
P45984,A,424,P45984.pdb
Q14974,A,876,Q14974.pdb
Q92688,A,251,Q92688.pdb
P01584,A,269,P01584.pdb
Q96KP4,A,475,Q96KP4.pdb
P14151,A,372,P14151.pdb
Q06418,A,890,Q06418.pdb
Q969J5,A,263,Q969J5.pdb
Q9HD89,A,108,Q9HD89.pdb
Q15303,A,1308,Q15303.pdb
Q13765,A,215,Q13765.pdb
Q9UBU3,A,117,Q9UBU3.pdb
P49771,A,235,P49771.pdb
Q9UHA7,A,158,Q9UHA7.pdb
P14618,A,531,P14618.pdb
P00519,A,1130,P00519.pdb
Q99706,A,377,Q99706.pdb
P18509,A,176,P18509.pdb
Q9UBG0,A,1479,Q9UBG0.pdb
Q9P126,A,229,Q9P126.pdb
Q9UK05,A,429,Q9UK05.pdb
P23560,A,247,P23560.pdb
Q8NHW4,A,92,Q8NHW4.pdb
O60383,A,454,O60383.pdb
P09668,A,335,P09668.pdb
Q16627,A,93,Q16627.pdb
P22362,A,96,P22362.pdb
O00299,A,241,O00299.pdb
Q13421,A,630,Q13421.pdb
P54920,A,295,P54920.pdb
P24821,A,2201,P24821.pdb
P31946,A,246,P31946.pdb
P01042,A,644,P01042.pdb
Q6UXX9,A,243,Q6UXX9.pdb
P05164,A,745,P05164.pdb
P41271,A,181,P41271.pdb
P01583,A,271,P01583.pdb
P78324,A,504,P78324.pdb
P63167,A,89,P63167.pdb
Q9NR28,A,239,Q9NR28.pdb
O14965,A,403,O14965.pdb
Q9GZN4,A,317,Q9GZN4.pdb
Q99665,A,862,Q99665.pdb
Q16665,A,826,Q16665.pdb
P04818,A,313,P04818.pdb
P21695,A,349,P21695.pdb
Q8IZF4,A,528,Q8IZF4.pdb
P35625,A,211,P35625.pdb
P10768,A,282,P10768.pdb
P42081,A,329,P42081.pdb
P42574,A,277,P42574.pdb
Q9NS68,A,423,Q9NS68.pdb
P14735,A,1019,P14735.pdb
P05114,A,100,P05114.pdb
O43291,A,252,O43291.pdb
O43699,A,453,O43699.pdb
P10646,A,304,P10646.pdb
Q9UKR3,A,277,Q9UKR3.pdb
O15392,A,142,O15392.pdb
P50461,A,194,P50461.pdb
P51813,A,675,P51813.pdb
Q04756,A,655,Q04756.pdb
Q7Z4V5,A,671,Q7Z4V5.pdb
P04626,A,1255,P04626.pdb
P51884,A,338,P51884.pdb
P04155,A,84,P04155.pdb
P07202,A,933,P07202.pdb
P08238,A,724,P08238.pdb
Q15465,A,462,Q15465.pdb
O95243,A,580,O95243.pdb
P12830,A,882,P12830.pdb
Q9BY79,A,579,Q9BY79.pdb
P01566,A,189,P01566.pdb
Q86VH5,A,581,Q86VH5.pdb
Q92765,A,325,Q92765.pdb
P05771,A,671,P05771.pdb
P18031,A,435,P18031.pdb
P52823,A,247,P52823.pdb
Q14012,A,370,Q14012.pdb
Q07507,A,201,Q07507.pdb
P15248,A,144,P15248.pdb
Q9BQR3,A,290,Q9BQR3.pdb
Q92934,A,168,Q92934.pdb
P23510,A,183,P23510.pdb
P04083,A,346,P04083.pdb
Q01973,A,937,Q01973.pdb
Q08ET2,A,396,Q08ET2.pdb
P32970,A,193,P32970.pdb
Q07817,A,233,Q07817.pdb
Q9UQM7,A,478,Q9UQM7.pdb
P00568,A,194,P00568.pdb
P07951,A,284,P07951.pdb
P52798,A,201,P52798.pdb
P27361,A,379,P27361.pdb
P14555,A,144,P14555.pdb
Q96PQ0,A,1159,Q96PQ0.pdb
P28907,A,300,P28907.pdb
O75173,A,837,O75173.pdb
P00734,A,622,P00734.pdb
P29353,A,583,P29353.pdb
Q15118,A,436,Q15118.pdb
P56159,A,465,P56159.pdb
P24394,A,825,P24394.pdb
P17936,A,291,P17936.pdb
P29323,A,1055,P29323.pdb
O60542,A,156,O60542.pdb
Q8TE58,A,950,Q8TE58.pdb
Q99969,A,163,Q99969.pdb
P63279,A,158,P63279.pdb
P0C0S5,A,128,P0C0S5.pdb
Q08708,A,224,Q08708.pdb
Q13873,A,1038,Q13873.pdb
P09486,A,303,P09486.pdb
P47992,A,114,P47992.pdb
Q86UE6,A,522,Q86UE6.pdb
P21757,A,451,P21757.pdb
Q8N126,A,398,Q8N126.pdb
P00558,A,417,P00558.pdb
Q16549,A,785,Q16549.pdb
P04070,A,461,P04070.pdb
Q13557,A,499,Q13557.pdb
P01579,A,166,P01579.pdb
P01160,A,151,P01160.pdb
Q01638,A,556,Q01638.pdb
P48740,A,699,P48740.pdb
P42684,A,1182,P42684.pdb
O15264,A,365,O15264.pdb
P09758,A,323,P09758.pdb
Q9NX40,A,245,Q9NX40.pdb
P04406,A,335,P04406.pdb
P02647,A,267,P02647.pdb
Q9NZH7,A,164,Q9NZH7.pdb
Q9Y219,A,1238,Q9Y219.pdb
Q14005,A,1332,Q14005.pdb
P05121,A,402,P05121.pdb
Q9NQU5,A,681,Q9NQU5.pdb
Q9NQ25,A,335,Q9NQ25.pdb
Q92823,A,1304,Q92823.pdb
Q14498,A,530,Q14498.pdb
Q99829,A,537,Q99829.pdb
P53582,A,386,P53582.pdb
Q16610,A,540,Q16610.pdb
P19174,A,1290,P19174.pdb
P04040,A,527,P04040.pdb
P25445,A,335,P25445.pdb
Q08722,A,323,Q08722.pdb
P21217,A,361,P21217.pdb
Q76LX8,A,1427,Q76LX8.pdb
P14778,A,569,P14778.pdb
P13671,A,934,P13671.pdb
P21860,A,1342,P21860.pdb
Q13007,A,206,Q13007.pdb
P05546,A,499,P05546.pdb
Q9BZM5,A,246,Q9BZM5.pdb
P06702,A,114,P06702.pdb
P47929,A,136,P47929.pdb
P01031,A,1676,P01031.pdb
Q9UK53,A,422,Q9UK53.pdb
Q9BY76,A,406,Q9BY76.pdb
P02743,A,223,P02743.pdb
P07225,A,676,P07225.pdb
P31371,A,208,P31371.pdb
O95407,A,300,O95407.pdb
P55075,A,233,P55075.pdb
P61812,A,414,P61812.pdb
P26927,A,711,P26927.pdb
P22079,A,712,P22079.pdb
Q16288,A,839,Q16288.pdb
P40763,A,770,P40763.pdb
O15232,A,486,O15232.pdb
P13693,A,172,P13693.pdb
Q14114,A,963,Q14114.pdb
Q8N158,A,579,Q8N158.pdb
P51665,A,324,P51665.pdb
O95219,A,450,O95219.pdb
O75582,A,802,O75582.pdb
P05155,A,500,P05155.pdb
Q9NP95,A,211,Q9NP95.pdb
P01116,A,189,P01116.pdb
P49137,A,400,P49137.pdb
Q9NP60,A,686,Q9NP60.pdb
P43490,A,491,P43490.pdb
Q99062,A,836,Q99062.pdb
Q9BZZ2,A,1709,Q9BZZ2.pdb
P16435,A,677,P16435.pdb
Q9UHX3,A,823,Q9UHX3.pdb
Q8IZJ0,A,200,Q8IZJ0.pdb
Q92563,A,424,Q92563.pdb
Q8IW41,A,473,Q8IW41.pdb
Q6ZMJ4,A,242,Q6ZMJ4.pdb
Q9BZR6,A,473,Q9BZR6.pdb
Q9H422,A,1215,Q9H422.pdb
P14210,A,728,P14210.pdb
P22897,A,1456,P22897.pdb
Q92994,A,677,Q92994.pdb
P20936,A,1047,P20936.pdb
P04054,A,148,P04054.pdb
P00747,A,810,P00747.pdb
P08603,A,1231,P08603.pdb
P41182,A,706,P41182.pdb
P55957,A,195,P55957.pdb
P02679,A,453,P02679.pdb
O00300,A,401,O00300.pdb
Q9UMF0,A,924,Q9UMF0.pdb
P00915,A,261,P00915.pdb
Q8N423,A,598,Q8N423.pdb
P16860,A,134,P16860.pdb
P04792,A,205,P04792.pdb
P01127,A,241,P01127.pdb
P06734,A,321,P06734.pdb
P08709,A,466,P08709.pdb
Q7Z3B1,A,354,Q7Z3B1.pdb
O95256,A,599,O95256.pdb
Q9Y240,A,323,Q9Y240.pdb
Q9GZV9,A,251,Q9GZV9.pdb
P10619,A,480,P10619.pdb
Q8N6Q3,A,437,Q8N6Q3.pdb
P14174,A,115,P14174.pdb
P41743,A,596,P41743.pdb
P43026,A,501,P43026.pdb
Q16832,A,855,Q16832.pdb
Q9BYZ8,A,158,Q9BYZ8.pdb
Q9NS85,A,328,Q9NS85.pdb
Q9HBG7,A,655,Q9HBG7.pdb
P16619,A,93,P16619.pdb
Q9NZQ7,A,290,Q9NZQ7.pdb
P16471,A,622,P16471.pdb
Q8IZU9,A,778,Q8IZU9.pdb
P05451,A,166,P05451.pdb
P24534,A,225,P24534.pdb
P03956,A,469,P03956.pdb
Q8IYJ0,A,282,Q8IYJ0.pdb
Q96IY4,A,423,Q96IY4.pdb
Q9H1K4,A,315,Q9H1K4.pdb
Q99616,A,98,Q99616.pdb
Q9HAV5,A,297,Q9HAV5.pdb
P55008,A,147,P55008.pdb
Q5VWK5,A,629,Q5VWK5.pdb
P16109,A,830,P16109.pdb
P17706,A,415,P17706.pdb
Q9Y5U5,A,241,Q9Y5U5.pdb
P08962,A,238,P08962.pdb
Q15109,A,404,Q15109.pdb
P52799,A,333,P52799.pdb
O14791,A,398,O14791.pdb
Q13231,A,466,Q13231.pdb
Q9UMR2,A,479,Q9UMR2.pdb
Q04912,A,1400,Q04912.pdb
P07477,A,247,P07477.pdb
Q02241,A,960,Q02241.pdb
P49961,A,510,P49961.pdb
Q9NQW7,A,623,Q9NQW7.pdb
P18669,A,254,P18669.pdb
Q13542,A,120,Q13542.pdb
O75636,A,299,O75636.pdb
Q9NP97,A,96,Q9NP97.pdb
P21815,A,317,P21815.pdb
P14635,A,433,P14635.pdb
Q9HCN6,A,339,Q9HCN6.pdb
P63208,A,163,P63208.pdb
Q9UBT3,A,224,Q9UBT3.pdb
P06744,A,558,P06744.pdb
O75815,A,825,O75815.pdb
P51812,A,740,P51812.pdb
P49862,A,253,P49862.pdb
Q96MS0,A,1386,Q96MS0.pdb
P07948,A,512,P07948.pdb
P41240,A,450,P41240.pdb
Q9HBX9,A,757,Q9HBX9.pdb
Q02413,A,1049,Q02413.pdb
P46952,A,286,P46952.pdb
P16284,A,738,P16284.pdb
P22626,A,353,P22626.pdb
P00751,A,764,P00751.pdb
P05112,A,153,P05112.pdb
P58417,A,271,P58417.pdb
P84022,A,425,P84022.pdb
Q86SJ2,A,522,Q86SJ2.pdb
P51654,A,580,P51654.pdb
Q9BZM6,A,244,Q9BZM6.pdb
Q05513,A,592,Q05513.pdb
Q6UXM1,A,1119,Q6UXM1.pdb
Q12805,A,493,Q12805.pdb
Q14956,A,572,Q14956.pdb
Q9BXY4,A,272,Q9BXY4.pdb
P13725,A,252,P13725.pdb
Q8TEU8,A,576,Q8TEU8.pdb
P05089,A,322,P05089.pdb
P00738,A,406,P00738.pdb
Q12904,A,312,Q12904.pdb
P05412,A,331,P05412.pdb
Q969Z4,A,430,Q969Z4.pdb
Q8WVN6,A,248,Q8WVN6.pdb
Q9Y337,A,293,Q9Y337.pdb
Q99497,A,189,Q99497.pdb
Q03403,A,129,Q03403.pdb
P01023,A,1474,P01023.pdb
Q9Y5W5,A,379,Q9Y5W5.pdb
Q9Y3C8,A,167,Q9Y3C8.pdb
P34130,A,210,P34130.pdb
Q02223,A,184,Q02223.pdb
P20226,A,339,P20226.pdb
Q08334,A,325,Q08334.pdb
P21781,A,194,P21781.pdb
P11362,A,822,P11362.pdb
P05154,A,406,P05154.pdb
P53778,A,367,P53778.pdb
P78504,A,1218,P78504.pdb
P53350,A,603,P53350.pdb
P10636,A,758,P10636.pdb
P26992,A,372,P26992.pdb
O14944,A,169,O14944.pdb
Q8N2W9,A,510,Q8N2W9.pdb
O76036,A,304,O76036.pdb
P20809,A,199,P20809.pdb
Q9UBX7,A,282,Q9UBX7.pdb
P21741,A,143,P21741.pdb
P35030,A,304,P35030.pdb
P24593,A,272,P24593.pdb
P39877,A,138,P39877.pdb
Q9UK55,A,444,Q9UK55.pdb
P37173,A,567,P37173.pdb
Q8NHL6,A,650,Q8NHL6.pdb
P06239,A,509,P06239.pdb
Q9HCR9,A,933,Q9HCR9.pdb
P01375,A,233,P01375.pdb
Q15582,A,683,Q15582.pdb
P07947,A,543,P07947.pdb
P53634,A,463,P53634.pdb
P41159,A,167,P41159.pdb
Q99988,A,308,Q99988.pdb
Q29983,A,383,Q29983.pdb
Q06830,A,199,Q06830.pdb
P10643,A,843,P10643.pdb
Q16620,A,822,Q16620.pdb
P42701,A,662,P42701.pdb
P42702,A,1097,P42702.pdb
Q9NRM6,A,502,Q9NRM6.pdb
P27797,A,417,P27797.pdb
Q9H293,A,177,Q9H293.pdb
Q14432,A,1141,Q14432.pdb
Q08345,A,913,Q08345.pdb
P48788,A,182,P48788.pdb
P30533,A,357,P30533.pdb
O60469,A,2012,O60469.pdb
P49773,A,126,P49773.pdb
O75791,A,330,O75791.pdb
O00170,A,330,O00170.pdb
P51512,A,607,P51512.pdb
P33681,A,288,P33681.pdb
P29401,A,623,P29401.pdb
P54108,A,245,P54108.pdb
O15197,A,1021,O15197.pdb
O00533,A,1208,O00533.pdb
P13497,A,986,P13497.pdb
Q12884,A,760,Q12884.pdb
O00182,A,355,O00182.pdb
O95750,A,216,O95750.pdb
P05231,A,212,P05231.pdb
P26842,A,260,P26842.pdb
P08700,A,152,P08700.pdb
Q5S007,A,2527,Q5S007.pdb
P38484,A,337,P38484.pdb
P0DJI8,A,122,P0DJI8.pdb
Q9UNA0,A,930,Q9UNA0.pdb
Q8IU85,A,385,Q8IU85.pdb
P01574,A,187,P01574.pdb
P23396,A,243,P23396.pdb
P30044,A,214,P30044.pdb
P17612,A,351,P17612.pdb
P11171,A,864,P11171.pdb
Q9Y6Q6,A,616,Q9Y6Q6.pdb
P22748,A,312,P22748.pdb
P0CG48,A,685,P0CG48.pdb
P42679,A,507,P42679.pdb
Q9NYA1,A,384,Q9NYA1.pdb
P19320,A,739,P19320.pdb
P50579,A,478,P50579.pdb
Q08431,A,387,Q08431.pdb
P20839,A,514,P20839.pdb
Q9NRJ3,A,127,Q9NRJ3.pdb
Q9Y5Y7,A,322,Q9Y5Y7.pdb
P20700,A,586,P20700.pdb
P24158,A,256,P24158.pdb
P62258,A,255,P62258.pdb
Q03154,A,408,Q03154.pdb
P16581,A,610,P16581.pdb
P37840,A,140,P37840.pdb
P48960,A,835,P48960.pdb
Q9Y336,A,463,Q9Y336.pdb
Q9UJ71,A,328,Q9UJ71.pdb
Q9HCB6,A,807,Q9HCB6.pdb
P48357,A,1165,P48357.pdb
P01106,A,439,P01106.pdb
Q14019,A,142,Q14019.pdb
Q06187,A,659,Q06187.pdb
Q14108,A,478,Q14108.pdb
P61328,A,243,P61328.pdb
P02751,A,2477,P02751.pdb
P19883,A,344,P19883.pdb
P27169,A,355,P27169.pdb
Q15181,A,289,Q15181.pdb
P02753,A,201,P02753.pdb
P08684,A,503,P08684.pdb
Q8NBP7,A,692,Q8NBP7.pdb
Q9P286,A,719,Q9P286.pdb
P05156,A,583,P05156.pdb
P00973,A,400,P00973.pdb
Q9NRA1,A,345,Q9NRA1.pdb
P29597,A,1187,P29597.pdb
P15498,A,845,P15498.pdb
P35475,A,653,P35475.pdb
P10144,A,247,P10144.pdb
P63000,A,192,P63000.pdb
P01008,A,464,P01008.pdb
Q16539,A,360,Q16539.pdb
P10082,A,97,P10082.pdb
Q86YT9,A,394,Q86YT9.pdb
Q00987,A,491,Q00987.pdb
Q92851,A,521,Q92851.pdb
P08865,A,295,P08865.pdb
P36222,A,383,P36222.pdb
P62979,A,156,P62979.pdb
P26718,A,216,P26718.pdb
Q14943,A,382,Q14943.pdb
Q99856,A,593,Q99856.pdb
Q99714,A,261,Q99714.pdb
P16234,A,1089,P16234.pdb
P20138,A,364,P20138.pdb
O14931,A,201,O14931.pdb
O43155,A,660,O43155.pdb
P30085,A,196,P30085.pdb
P61088,A,152,P61088.pdb
P19438,A,455,P19438.pdb
P01298,A,95,P01298.pdb
P04075,A,364,P04075.pdb
O95150,A,251,O95150.pdb
P00746,A,253,P00746.pdb
O15031,A,1838,O15031.pdb
P06732,A,381,P06732.pdb
P12259,A,2224,P12259.pdb
O43508,A,249,O43508.pdb
P62993,A,217,P62993.pdb
