UniProt ID,Sequence Length,Avg pLDDT Score,Highly Confident Residues (%),PDB File
Q9Y264,3990,81.59769924812026,79.22305764411027,Q9Y264.pdb
Q03167,6575,71.53599847908714,62.55513307984791,Q03167.pdb
Q6UXD5,6862,72.8397464296121,68.74089186825998,Q6UXD5.pdb
P30086,1488,97.32020161290318,98.79032258064517,P30086.pdb
Q9Y4X3,884,77.90347285067836,63.68778280542986,Q9Y4X3.pdb
P55291,6275,77.838957768924,71.6812749003984,P55291.pdb
P25787,1826,94.68140744797384,97.86418400876232,P25787.pdb
P23284,1675,91.93213731343276,88.83582089552239,P23284.pdb
P06681,5841,88.49587570621465,92.39856189008732,P06681.pdb
P09619,8716,73.51148003671294,67.2097292335934,P09619.pdb
P01137,3118,80.26639191789593,76.10647851186658,P01137.pdb
Q01344,3362,83.97436347412247,76.94824509220702,Q01344.pdb
P43630,3538,74.38775579423374,63.425664217071784,P43630.pdb
Q15056,1930,62.12564766839373,37.616580310880835,Q15056.pdb
P01130,6651,75.59176665163132,75.11652383100285,P01130.pdb
P25786,2074,91.86222275795512,90.40501446480232,P25786.pdb
Q9UNZ2,2860,74.64766433566433,69.02097902097903,Q9UNZ2.pdb
P60900,1920,96.01915104166622,98.80208333333333,P60900.pdb
P14550,2580,96.71887209302359,99.49612403100775,P14550.pdb
Q92484,3617,93.86973458667539,92.25877799281173,Q92484.pdb
P78556,749,89.38488651535393,88.91855807743659,P78556.pdb
P61769,967,94.29887280248153,94.62254395036194,P61769.pdb
Q13591,8456,78.25998107852506,76.19441816461683,Q13591.pdb
P09936,1741,93.43964388282583,97.81734635267088,P09936.pdb
Q969D9,1271,79.87258064516104,69.70889063729348,Q969D9.pdb
P00736,5635,87.58603726708084,89.44099378881988,P00736.pdb
P05067,6091,68.1572992940409,56.70661631915942,P05067.pdb
Q13253,1808,87.52004424778775,87.33407079646017,Q13253.pdb
Q9UBN6,2919,60.855519013360706,34.53237410071942,Q9UBN6.pdb
Q68DV7,6029,54.60221263891136,30.751368386133688,Q68DV7.pdb
P12004,2009,94.33014932802385,97.71030363364858,P12004.pdb
P09237,2090,87.58781339712952,85.35885167464114,P09237.pdb
P01036,1138,89.9583479789106,86.46748681898066,P01036.pdb
P13598,2152,87.23175650557646,81.59851301115242,P13598.pdb
P25098,5591,90.44348595957842,92.00500804864961,P25098.pdb
Q96PD4,1262,87.38611727416776,82.01267828843106,Q96PD4.pdb
Q9Y625,4392,82.59627959927096,77.6639344262295,Q9Y625.pdb
O95389,2729,72.7639098570908,68.083547086845,O95389.pdb
Q9NQ76,4109,43.356478461912694,2.4093453394986613,Q9NQ76.pdb
O95631,4733,88.71748573843269,89.68941474751743,O95631.pdb
P15848,4219,93.6326143635928,90.23465276131785,P15848.pdb
O95727,3137,72.8752247370106,60.121134842205926,O95727.pdb
Q16719,3689,95.62743019788564,96.47600975874221,Q16719.pdb
Q9H3T3,6717,74.76729938960868,65.34167038856631,Q9H3T3.pdb
P18065,2424,67.23743811881215,49.257425742574256,P18065.pdb
Q13946,3910,79.05737084398986,67.18670076726343,Q13946.pdb
Q13443,6341,76.06719760290157,72.14950323292855,Q13443.pdb
Q8TD46,2570,76.6514552529182,65.99221789883268,Q8TD46.pdb
P04629,6155,78.95310154345994,77.17303005686433,P04629.pdb
P39060,12582,52.15657765061191,28.453346049912575,P39060.pdb
P05230,1230,91.1767723577234,87.8048780487805,P05230.pdb
O76096,1151,89.96913119026947,85.23023457862729,O76096.pdb
P36941,3268,66.98917992656081,49.05140758873929,P36941.pdb
P04179,1750,93.48813142857128,90.4,P04179.pdb
Q13813,20019,76.34245067185994,79.98401518557371,Q13813.pdb
Q12860,7991,87.38559879864862,91.94093355024403,Q12860.pdb
P07478,1862,92.40307733619795,90.33297529538132,P07478.pdb
P35968,10643,72.17869773560098,68.33599548999342,P35968.pdb
Q6NW40,3335,80.44107346326817,72.95352323838081,Q6NW40.pdb
O94907,1994,70.27324974924773,50.601805416248745,O94907.pdb
P10147,703,89.89194879089612,87.62446657183499,P10147.pdb
P23946,1921,91.54779802186333,90.36959916710046,P23946.pdb
Q96BQ1,1750,90.78920571428563,87.77142857142857,Q96BQ1.pdb
Q9GZX6,1399,89.48882773409547,81.55825589706933,Q9GZX6.pdb
Q96KN2,3995,94.13670337922375,94.61827284105131,Q96KN2.pdb
P01024,13159,79.81248879094206,80.46964055019379,P01024.pdb
Q96HD1,3161,81.5904682062642,75.10281556469471,Q96HD1.pdb
P49763,1731,71.15482957827835,47.71808203350664,P49763.pdb
P09341,788,82.27114213197974,78.04568527918782,P09341.pdb
P17181,4481,78.80831957152421,73.19794688685562,P17181.pdb
P07359,5046,64.26757431629017,45.0653983353151,P07359.pdb
O76074,7015,83.16758232359193,83.02209550962225,O76074.pdb
Q16772,1780,97.53887640449497,99.26966292134831,Q16772.pdb
Q04721,18395,59.72854090785525,35.67817341668932,Q04721.pdb
P01133,9366,69.173127268844,60.50608584240871,P01133.pdb
Q2I0M5,1819,78.73710830126471,69.21385376580538,Q2I0M5.pdb
Q06609,2589,91.59066821166475,91.30938586326766,Q06609.pdb
Q01105,2363,79.43510791366863,64.70588235294117,Q01105.pdb
P01033,1624,90.0587376847291,90.02463054187191,P01033.pdb
Q05397,8378,75.09044760085878,68.35760324659823,Q05397.pdb
Q8NFM7,5795,69.45541501294275,58.188093183779124,Q8NFM7.pdb
P32971,1829,79.77601421541871,73.97484964461455,P32971.pdb
P23528,1296,87.53814043209883,96.91358024691358,P23528.pdb
O00755,2720,88.7560698529413,89.19117647058825,O00755.pdb
O60930,2259,80.67363435148285,73.2182381584772,O60930.pdb
P00742,3830,79.84792428198416,71.98433420365535,P00742.pdb
O00175,917,82.92079607415525,76.66303162486369,O00175.pdb
P55010,3453,74.03630176657983,68.28844483058211,P55010.pdb
O95998,1483,79.41115981119385,67.29602157788267,O95998.pdb
O75594,1526,91.41701834862376,85.05897771952819,O75594.pdb
P0CG47,1810,93.7115027624315,96.46408839779006,P0CG47.pdb
P04150,5996,60.86099232821931,42.41160773849233,P04150.pdb
Q9P0G3,2036,87.10100687622757,82.41650294695482,Q9P0G3.pdb
O60506,4912,71.0389393322476,62.052117263843655,O60506.pdb
Q16548,1415,87.41243816254392,84.45229681978799,Q16548.pdb
Q16543,3114,81.37127488760441,86.1271676300578,Q16543.pdb
Q01151,1619,73.04668931439178,59.66646077825818,Q01151.pdb
Q92956,2117,79.55149740198358,66.22579121398205,Q92956.pdb
P32004,9875,79.35279392405062,78.78481012658229,P32004.pdb
P01833,5855,77.2179146029038,73.73185311699402,P01833.pdb
P01374,1578,84.11532953105183,72.30671736375159,P01374.pdb
Q96GD4,2768,79.85403540462413,74.85549132947978,Q96GD4.pdb
P16333,3019,71.82703212984418,68.26763829082478,P16333.pdb
Q9BWV1,8501,64.82054346547477,55.51111633925421,Q9BWV1.pdb
P99999,824,97.9936893203881,100.0,P99999.pdb
P42892,6140,91.06018729641711,91.49837133550488,P42892.pdb
O60609,3098,78.72366688185957,69.01226597805035,O60609.pdb
Q96PX8,5468,77.18832297000822,74.067300658376,Q96PX8.pdb
P80188,1596,91.99169172932311,88.7218045112782,P80188.pdb
P09769,4186,83.30842809364513,82.29813664596274,P09769.pdb
P49767,3258,73.73951503990202,68.20135052179252,P49767.pdb
Q15796,3677,78.15752243676904,72.23279847701932,Q15796.pdb
P20333,3361,67.5287384706933,49.36030943171675,P20333.pdb
Q8N8U9,5272,80.24256828528078,81.8474962063733,Q8N8U9.pdb
P20273,6709,79.31650618572016,78.26799821135788,P20273.pdb
Q8N1Q1,2087,96.82097747963542,98.80210828941064,Q8N1Q1.pdb
P12272,1423,64.27766690091357,29.655657062543924,P12272.pdb
O60258,1750,86.10001714285805,76.8,O60258.pdb
Q9BU40,3634,68.82827187672035,61.447440836543755,Q9BU40.pdb
Q9UHF5,1427,79.11727400140143,68.46531184302734,Q9UHF5.pdb
O60880,999,84.30143143143167,81.78178178178179,O60880.pdb
Q9BYF1,6519,91.02541647491881,92.56020862095413,Q9BYF1.pdb
P16035,1705,91.52022873900289,95.07331378299119,P16035.pdb
P22607,6163,75.36963816323201,69.15463248417979,P22607.pdb
Q9H2A7,1934,65.97561530506754,47.93174767321613,Q9H2A7.pdb
Q05315,1157,96.8639757994814,97.49351771823682,Q05315.pdb
Q92794,15745,48.69975420768527,27.85011114639568,Q92794.pdb
P05362,4060,88.57487684729074,88.94088669950739,P05362.pdb
P98066,2204,82.64910163339373,77.40471869328493,P98066.pdb
P14543,9584,78.97671744574266,79.35100166944909,P14543.pdb
Q9NZU1,5013,74.64478356273712,67.72391781368442,Q9NZU1.pdb
P02768,4858,92.63976945244956,95.49197200494031,P02768.pdb
P08833,1946,79.30563720452207,70.34943473792394,P08833.pdb
O95633,1917,86.16683881064166,80.0208659363589,O95633.pdb
Q08380,4604,81.4513401390094,82.90616854908774,Q08380.pdb
Q9Y5N5,1613,95.03265964042195,98.38809671419715,Q9Y5N5.pdb
P12277,2999,95.5496398799593,98.13271090363455,P12277.pdb
P18627,4062,78.25349089118657,71.98424421467257,P18627.pdb
P35443,7414,84.76427029943314,84.61019692473698,P35443.pdb
P29320,7730,81.29243208279419,78.60284605433377,P29320.pdb
Q6UX06,4035,82.6658389095413,81.83395291201983,Q6UX06.pdb
P09104,3323,97.13743605176009,99.75925368642793,P09104.pdb
P35247,2647,67.31149225538348,44.16320362674726,P35247.pdb
Q8IVD9,2876,80.16664116828963,79.90264255910986,Q8IVD9.pdb
P15514,1954,67.76264073694998,40.68577277379734,P15514.pdb
P09429,1747,76.08972524327461,70.80709788208357,P09429.pdb
Q9HB29,4603,77.40910058657386,77.23223984358027,Q9HB29.pdb
O14625,720,77.92419444444447,78.88888888888889,O14625.pdb
Q16270,2028,85.03641518737598,80.12820512820514,Q16270.pdb
P04085,1682,77.991694411415,65.33888228299644,P04085.pdb
P13987,990,80.31149494949456,69.7979797979798,P13987.pdb
P07996,9045,84.18626755113368,84.40022111663903,P07996.pdb
P06213,10981,78.48745378380785,75.30279573809307,P06213.pdb
Q14145,4874,90.32855970455438,90.70578580221584,Q14145.pdb
P01011,3351,85.9174723962997,85.31781557743957,P01011.pdb
P03952,4996,88.09680744595623,91.01281024819856,P03952.pdb
P30101,4003,91.47560079940091,92.95528353734699,P30101.pdb
O43488,2787,93.31635809113727,91.42447075708647,O43488.pdb
P06703,715,88.42191608391627,98.18181818181819,P06703.pdb
Q14563,6264,84.47667145593805,80.49169859514687,Q14563.pdb
Q9NZS2,1864,78.76973712446363,68.13304721030042,Q9NZS2.pdb
P50895,4731,84.58449376453213,83.72437116888607,P50895.pdb
P60568,1233,84.4456609894567,78.83211678832117,P60568.pdb
Q9Y286,3593,74.24589757862499,66.07291956582243,Q9Y286.pdb
Q96B86,3468,79.27348327566291,72.26066897347174,Q96B86.pdb
P25774,2632,94.54173632218847,95.02279635258358,P25774.pdb
Q9UNP9,2350,81.55464255319151,78.12765957446808,Q9UNP9.pdb
Q9UNE7,2445,89.7895010224952,92.31083844580778,Q9UNE7.pdb
P06733,3315,97.6271523378573,99.69834087481146,P06733.pdb
P20718,1920,92.67505208333357,91.71875,P20718.pdb
Q13561,3104,76.83313466494869,69.4909793814433,Q13561.pdb
O95185,7241,78.54684297748842,75.83206739400636,O95185.pdb
P52209,3736,96.94301124197034,98.55460385438973,P52209.pdb
P39905,1661,75.02626730885001,59.783263094521374,P39905.pdb
P02775,968,77.27308884297537,63.32644628099173,P02775.pdb
Q13554,5111,72.34089610643686,64.0774799452162,Q13554.pdb
P01236,1814,86.33354465270133,82.4696802646086,P01236.pdb
Q9UM47,16909,62.43701579040778,43.32603938730853,Q9UM47.pdb
P58294,810,87.59807407407393,92.46913580246914,P58294.pdb
P08294,1816,88.53874449339203,85.84801762114537,P08294.pdb
Q7L7L0,995,91.0445628140703,86.83417085427135,Q7L7L0.pdb
Q99731,770,84.8112857142856,74.67532467532467,Q99731.pdb
Q9H773,1316,85.40514437690001,77.12765957446808,Q9H773.pdb
Q02246,7989,86.19374514958042,91.38815871823758,Q02246.pdb
P01588,1499,87.05697131420978,85.59039359573049,P01588.pdb
Q15828,1153,90.4110407632264,87.85776235906332,Q15828.pdb
Q96P31,5692,77.3174964862962,73.40126493323963,Q96P31.pdb
P12268,3915,92.4872796934868,98.21200510855684,P12268.pdb
Q96GW7,6973,69.73375448157113,59.47225010755772,Q96GW7.pdb
O75556,755,87.30279470198668,83.70860927152319,O75556.pdb
P35613,2971,86.25365196903405,84.31504543924605,P35613.pdb
Q8N474,2476,80.62247980613915,77.54442649434571,Q8N474.pdb
Q96RJ3,1326,64.47587481146323,33.63499245852187,Q96RJ3.pdb
P22749,1142,78.38773204903676,68.30122591943957,P22749.pdb
O43866,2658,83.07291196388267,84.19864559819413,O43866.pdb
P30041,1766,96.75607021517507,98.92412231030578,P30041.pdb
P09919,1565,85.03600638977616,81.34185303514377,P09919.pdb
P43166,2094,97.08890162368778,98.13753581661892,P43166.pdb
P04004,3828,67.67684169279055,53.91849529780565,P04004.pdb
Q9UBR2,2383,92.63248006714245,91.2715065044062,Q9UBR2.pdb
P61278,889,65.75085489313824,34.08323959505062,P61278.pdb
O43781,4620,76.6612705627706,68.13852813852814,O43781.pdb
Q96DA6,878,87.54301822323454,87.6993166287016,Q96DA6.pdb
Q9Y5C1,3788,79.58582893347445,74.65681098204857,Q9Y5C1.pdb
Q15762,2718,82.3095768947753,77.22590139808683,Q15762.pdb
O43927,886,84.12820541760667,80.81264108352144,O43927.pdb
Q9H2E6,8034,70.78296614388789,57.36868309683844,Q9H2E6.pdb
P43403,4905,85.74682161060156,86.11620795107034,P43403.pdb
Q9Y5K2,1890,90.39518518518472,87.88359788359789,Q9Y5K2.pdb
Q16623,2306,84.99996964440604,82.26366001734606,Q16623.pdb
P42575,3548,79.13361330326903,77.14205186020293,P42575.pdb
P10145,777,89.02164736164714,87.9021879021879,P10145.pdb
P27658,5180,59.43677606177676,22.76061776061776,P27658.pdb
P12314,3008,84.9618617021275,78.5904255319149,P12314.pdb
Q5T4W7,1605,75.86040498442347,52.149532710280376,Q5T4W7.pdb
P29965,2055,82.32611192214077,77.46958637469587,P29965.pdb
P54760,7611,83.30857837340687,83.87859676783603,P54760.pdb
Q15768,2524,69.74339540412045,49.68304278922345,Q15768.pdb
P40225,2661,61.35898910184154,43.59263434798948,P40225.pdb
P09326,1944,83.72723251028783,78.49794238683128,P09326.pdb
Q9NZH6,1691,82.02136605558866,70.90479006505028,Q9NZH6.pdb
Q00872,9028,81.93221200708919,85.11298183429331,Q00872.pdb
P78344,7190,73.11434075104391,65.31293463143254,P78344.pdb
P10767,1614,79.74695167286218,67.41016109045849,P10767.pdb
P10909,3682,76.87085551330792,71.04834329168929,P10909.pdb
P07093,3097,88.77547949628666,89.95802389409106,P07093.pdb
P01189,2063,59.412559379544355,25.157537566650507,P01189.pdb
Q9UBC2,6643,67.55147523709245,50.76019870540418,Q9UBC2.pdb
P25685,2681,83.65976501305471,80.00745990302126,P25685.pdb
Q8NCW0,3436,76.82793073341114,65.48311990686845,Q8NCW0.pdb
Q9BZW8,2933,71.23398227071249,54.99488578247528,Q9BZW8.pdb
P26038,4762,86.7796052078944,89.50020999580008,P26038.pdb
P60604,1302,94.65896313364063,99.0015360983103,P60604.pdb
P16112,18382,53.553094875422026,29.838972908279835,P16112.pdb
Q02083,2832,92.63664548022602,92.09039548022598,Q02083.pdb
P12956,4914,84.24396011395955,88.07488807488808,P12956.pdb
Q8TDQ0,2348,71.85755962521327,55.877342419080065,Q8TDQ0.pdb
Q9UK85,1904,54.21953256302502,28.15126050420168,Q9UK85.pdb
Q495T6,6291,90.89312192020446,91.71832776982991,Q495T6.pdb
P78423,2960,56.2495236486484,28.243243243243242,P78423.pdb
P21810,2933,85.70919877258802,81.48653256051824,P21810.pdb
P07492,1140,64.60907894736833,27.105263157894736,P07492.pdb
Q08945,5701,74.16714611471704,70.21575162252236,Q08945.pdb
P51452,1436,96.00123955431722,97.00557103064067,P51452.pdb
O15520,1645,81.54000607902725,70.03039513677811,O15520.pdb
P67936,1994,93.36809929789395,96.0381143430291,P67936.pdb
P40189,7292,74.83635628085563,67.15578716401535,P40189.pdb
Q9UIC8,2680,93.80479850746275,94.44029850746269,Q9UIC8.pdb
P17213,3792,92.6663238396627,93.93459915611815,P17213.pdb
Q9NP84,973,73.27290853031857,64.13155190133607,Q9NP84.pdb
P21802,6456,74.05804213135055,66.99194547707559,P21802.pdb
P38919,3285,89.09766210045714,92.6027397260274,P38919.pdb
Q9UHD2,5880,89.87538435374164,91.37755102040816,Q9UHD2.pdb
Q02297,4928,57.25538961038981,30.560064935064936,Q02297.pdb
Q02487,7015,76.56279401282947,70.40627227369922,Q02487.pdb
Q9HAP6,1609,87.802784338098,89.24798011187073,Q9HAP6.pdb
P12931,4214,84.5133032747979,82.0360702420503,P12931.pdb
Q5JZY3,7702,79.55078161516418,79.81043884705271,Q5JZY3.pdb
O14763,3343,71.38119653006252,58.86927909063715,O14763.pdb
P12318,2459,77.8590971939814,62.911752745018305,P12318.pdb
P02144,1211,97.17701073492978,98.92650701899257,P02144.pdb
O95711,1256,87.70983280254801,85.6687898089172,O95711.pdb
P16410,1728,79.90385416666662,67.65046296296296,P16410.pdb
P37023,3938,82.83821482986394,81.13255459624175,P37023.pdb
Q9UIB8,2728,74.94517595307913,60.88709677419355,Q9UIB8.pdb
P17931,1854,76.11920711974108,59.76267529665588,P17931.pdb
O60486,12345,79.93089590927548,80.77764277035236,O60486.pdb
Q9Y5S2,13631,77.1089267111723,77.30173868388232,Q9Y5S2.pdb
O60674,9192,87.78213120104442,90.85073977371627,O60674.pdb
P30519,2532,81.23508688783627,72.82780410742497,P30519.pdb
Q9UHP3,8607,77.92322063436731,74.77634483559893,Q9UHP3.pdb
P30419,3998,84.497883941971,80.29014507253626,P30419.pdb
P16403,1502,65.03183754993344,34.354194407456724,P16403.pdb
P80511,747,89.86476572958489,95.44846050870147,P80511.pdb
O00451,3591,75.73106377053786,63.51991088833194,O00451.pdb
P36871,4328,97.3140827171904,99.51478743068391,P36871.pdb
P29317,7603,82.31539786926187,81.428383532816,P29317.pdb
P45452,3808,89.15264705882329,89.2594537815126,P45452.pdb
P17813,4952,80.59878231017818,79.98788368336027,P17813.pdb
P29622,3429,87.44784776902922,85.91426071741033,P29622.pdb
O15467,955,79.09521465968572,65.96858638743456,O15467.pdb
Q15485,2395,86.36386221294379,75.78288100208769,Q15485.pdb
P68431,1081,87.28691951896374,76.22571692876966,P68431.pdb
Q9NZ08,7557,92.76317983326803,91.66335847558555,Q9NZ08.pdb
Q12841,2444,86.04868657937844,90.46644844517185,Q12841.pdb
P52789,7158,91.92817127689406,96.57725621682035,P52789.pdb
P22301,1434,89.06390516039099,85.63458856345886,P22301.pdb
P22392,1218,97.64572249589541,99.3431855500821,P22392.pdb
Q9UM44,3294,81.83346690953303,76.19914996964178,Q9UM44.pdb
Q9H098,1091,82.45362053162224,76.44362969752521,Q9H098.pdb
Q7LFX5,4578,80.3531105286159,76.86762778505897,Q7LFX5.pdb
P68400,3182,90.96023255813961,88.4978001257071,P68400.pdb
O00214,2525,90.4368712871284,89.9009900990099,O00214.pdb
P09238,3833,85.62216801461038,86.17271067049309,P09238.pdb
P13501,699,89.33505007153076,85.26466380543634,P13501.pdb
O14793,2998,77.32715143428939,73.01534356237491,O14793.pdb
Q07325,981,87.92397553516821,94.39347604485219,Q07325.pdb
Q14624,7279,80.7798763566425,79.17296331913725,Q14624.pdb
P15428,2034,96.65693706981288,96.46017699115043,P15428.pdb
O75356,3352,87.40342183770915,86.39618138424821,O75356.pdb
P08254,3819,86.53599371563284,86.20057606703325,P08254.pdb
P50542,4991,71.32940693247863,53.77679823682628,P50542.pdb
P45379,2522,79.74609833465549,75.25773195876289,P45379.pdb
P24298,3840,95.32042187500039,97.21354166666667,P24298.pdb
P00750,4404,80.8114986376017,82.44777475022707,P00750.pdb
P19429,1684,78.17109857482158,57.42280285035629,P19429.pdb
Q07011,1937,81.76230769230746,72.43159525038719,Q07011.pdb
P07339,3131,85.85799105717007,83.74321303098051,P07339.pdb
Q15648,11799,51.29562335791107,28.58716840410204,Q15648.pdb
Q02750,3048,83.71248359580044,82.3490813648294,Q02750.pdb
Q9ULT6,7055,51.30892133238795,27.569099929128278,Q9ULT6.pdb
P14136,3498,80.79314465408832,74.98570611778159,P14136.pdb
P13591,6651,79.88689219666188,78.8603217561269,P13591.pdb
Q9NR61,5192,75.16619992295843,68.99075500770417,Q9NR61.pdb
P55774,685,87.7419270072994,81.75182481751825,P55774.pdb
Q9NPH3,4609,86.22484269906633,90.67042742460404,Q9NPH3.pdb
P35225,1106,86.53416817359843,88.06509945750453,P35225.pdb
P27348,1945,93.98843187660722,95.21850899742931,P27348.pdb
Q96DU3,2626,76.49726580350358,68.62147753236863,Q96DU3.pdb
P22223,6436,76.62218303293976,70.64947172156619,P22223.pdb
P42680,5179,85.88542189611968,87.48793203321105,P42680.pdb
P06576,3978,85.83185771744556,89.5676219205631,P06576.pdb
P10415,1856,75.5341271551729,63.4698275862069,P10415.pdb
Q9GZX3,3114,90.8008349389861,90.5266538214515,Q9GZX3.pdb
Q8N6P7,4440,62.66061261261318,42.27477477477478,Q8N6P7.pdb
P41217,2197,86.36208921256267,83.1588529813382,P41217.pdb
Q13449,2626,83.27329398324466,77.95125666412795,Q13449.pdb
O43323,3077,85.58133896652551,83.62040948976276,O43323.pdb
P21246,1322,75.67778366111915,69.81845688350984,P21246.pdb
P08620,1555,82.70282315112553,73.89067524115755,P08620.pdb
P52292,4069,86.1073162939296,79.60186778078152,P52292.pdb
P61289,2074,87.28192864030888,83.26904532304725,P61289.pdb
Q9Y3A5,2015,74.173399503722,63.67245657568238,Q9Y3A5.pdb
P18075,3479,76.70694452428876,68.75538947973556,P18075.pdb
Q9BQB4,1687,70.34754593953717,42.916419679905154,Q9BQB4.pdb
Q99471,1211,92.57520231213873,93.64161849710982,Q99471.pdb
P01138,1897,73.2110806536634,56.35213494992093,P01138.pdb
P02787,5395,93.39369230769216,96.21872103799815,P02787.pdb
P20783,2061,73.72300824842307,61.523532265890346,P20783.pdb
Q9BXJ7,3362,80.93990481856065,75.81796549672814,Q9BXJ7.pdb
P08069,10860,78.50275598526689,75.69060773480662,P08069.pdb
P54756,8046,80.61570842654758,79.85334327616206,P54756.pdb
P31948,4390,90.01086788154868,92.41457858769931,P31948.pdb
P60880,1617,84.55946815089644,81.13790970933829,P60880.pdb
O60911,2624,93.32421874999984,93.52134146341463,O60911.pdb
P02776,758,76.13094986807377,62.66490765171504,P02776.pdb
P07237,4030,88.37465012406967,89.92555831265508,P07237.pdb
P28482,2915,90.98993825042925,92.24699828473413,P28482.pdb
P30405,1547,88.9199870717512,80.21978021978022,P30405.pdb
O00541,4789,79.73547713510179,79.89141783253288,O00541.pdb
P45985,3110,79.03373954983877,74.18006430868166,P45985.pdb
P16871,3627,68.66687896333066,49.51750758202371,P16871.pdb
P43652,4837,90.59634484184397,94.74881124664047,P43652.pdb
P58499,1825,93.0962739726029,97.47945205479452,P58499.pdb
O00548,5432,75.82056148748227,70.02945508100147,O00548.pdb
O00764,2462,95.79826157595456,99.30950446791226,O00764.pdb
P09211,1646,98.07011543134898,99.08869987849332,P09211.pdb
P20393,4682,64.31352840666356,46.134130713370354,P20393.pdb
Q9NZU0,5135,75.0194255111975,65.88120740019474,Q9NZU0.pdb
Q8N3X6,4683,57.63295750587222,33.055733504163996,Q8N3X6.pdb
P60174,1876,96.94940298507407,98.93390191897655,P60174.pdb
O15496,1261,87.83065820777092,86.51863600317209,O15496.pdb
Q8TAD2,1539,79.36398310591291,64.84730344379467,Q8TAD2.pdb
P04196,4214,64.85643806359766,48.64736592311343,P04196.pdb
Q14162,6074,64.81966743496865,48.748765228844256,Q14162.pdb
P56470,2544,90.85665487421363,90.33018867924528,P56470.pdb
Q16552,1227,83.99721271393624,77.09861450692746,Q16552.pdb
P02771,4807,88.99158310796709,91.94924069065945,P02771.pdb
P01857,2542,92.00645948072354,92.32887490165224,P01857.pdb
P08631,4188,84.19661652340028,82.92741165234003,P08631.pdb
Q13740,4573,86.30277279685033,86.07041329542969,Q13740.pdb
P21709,7590,80.64237417654822,79.5125164690382,P21709.pdb
Q9BX67,2462,84.83150284321688,76.56376929325751,Q9BX67.pdb
P20160,1886,90.37593319194065,88.65323435843054,P20160.pdb
P08758,2526,96.25619160728395,98.93111638954869,P08758.pdb
P03951,4915,86.15252492370286,88.83011190233978,P03951.pdb
Q9NR71,6024,91.415341965471,90.0398406374502,Q9NR71.pdb
Q9BQ51,2182,86.26053162236454,81.48487626031165,Q9BQ51.pdb
P0DMV8,4928,89.40961241883079,93.62824675324676,P0DMV8.pdb
P22004,4027,70.31756642662027,62.08095356344674,P22004.pdb
P17174,3269,96.43807892321827,100.0,P17174.pdb
Q96CA5,2308,72.83457538994782,54.15944540727903,Q96CA5.pdb
P48745,2704,77.79146079881664,73.44674556213018,P48745.pdb
P05162,1029,96.69627793974745,98.15354713313897,P05162.pdb
P22304,4374,93.44086191129315,91.72382258802013,P22304.pdb
Q9UNE0,3390,66.82282890855471,52.33038348082596,Q9UNE0.pdb
P07858,2657,91.8354271735039,92.35980429055326,P07858.pdb
Q76M96,7604,62.59533798001031,46.50184113624408,Q76M96.pdb
P15531,1206,97.43785240464379,98.92205638474294,P15531.pdb
P15586,4366,89.61534356390283,87.4942739349519,P15586.pdb
Q12907,2839,84.54232123987337,79.57027122226135,Q12907.pdb
P46531,18917,57.4983311307295,23.687688322672727,P46531.pdb
P52797,1860,74.12684408602145,58.49462365591398,P52797.pdb
Q86VX2,1584,85.20068813131299,87.5,Q86VX2.pdb
Q9NRR2,2375,83.94303578947336,76.1263157894737,Q9NRR2.pdb
P52803,1852,79.80091792656572,74.67602591792657,P52803.pdb
O43915,2813,70.4784429434769,59.6871667259154,O43915.pdb
P08311,2025,91.59296790123464,91.25925925925927,P08311.pdb
Q6UXZ4,7430,74.94113593539745,70.75370121130553,Q6UXZ4.pdb
O14788,2502,79.79495203836952,69.54436450839329,O14788.pdb
O96017,4282,77.59169313404965,70.52779075198505,O96017.pdb
Q02763,8835,84.57968760611034,86.30447085455575,Q02763.pdb
Q9BYP7,13914,48.55666091706256,27.475923530257298,Q9BYP7.pdb
Q16619,1496,85.92420454545432,81.01604278074866,Q16619.pdb
Q9ULZ9,4718,77.90498304366274,73.65409071640525,Q9ULZ9.pdb
P14061,2455,90.92034623217903,89.4501018329939,P14061.pdb
Q14515,5272,59.70186077390026,37.72761760242792,Q14515.pdb
O15444,1170,70.6624871794873,59.23076923076923,O15444.pdb
P18510,1405,87.13192882562244,81.20996441281139,P18510.pdb
P07949,8740,79.44205720823813,77.4599542334096,P07949.pdb
P46734,2754,81.51620188816217,78.61292665214233,P46734.pdb
Q15848,1866,81.30305466237931,71.4898177920686,Q15848.pdb
P61978,3582,64.71596873255164,48.40871021775545,P61978.pdb
P35354,4865,93.3276978417262,92.14799588900308,P35354.pdb
Q9NP79,2381,79.48227215455674,69.88660226795464,Q9NP79.pdb
P35916,10740,72.74058007448737,69.1899441340782,P35916.pdb
Q08629,3441,64.40102877070558,46.61435629177565,Q08629.pdb
Q04759,5739,79.85454260323996,77.95783237497822,Q04759.pdb
Q92876,1881,91.82367889420483,89.95215311004785,Q92876.pdb
Q08188,5393,95.98745966994208,97.6821806044873,Q08188.pdb
P60484,3323,83.97213662353313,79.56665663557027,P60484.pdb
Q9HDB5,4873,59.456938231069046,32.30043094602914,Q9HDB5.pdb
Q9UBX1,3750,82.2632346666667,80.05333333333333,Q9UBX1.pdb
Q15063,6556,80.24477577791363,76.55582672361196,Q15063.pdb
P03372,4637,66.90446409316334,51.58507655811947,P03372.pdb
Q8WWQ8,19291,70.40414079104191,57.4827639832046,Q8WWQ8.pdb
O15530,4453,80.1231349651919,75.58949023130474,O15530.pdb
P81172,650,63.16218461538482,47.84615384615385,P81172.pdb
P18428,3763,90.80431039064595,95.40260430507573,P18428.pdb
Q9UKR0,1874,89.13125933831351,87.24653148345784,Q9UKR0.pdb
P19367,7174,94.59214803456966,97.12851965430723,P19367.pdb
Q92583,735,89.7936598639458,87.75510204081633,Q92583.pdb
O43557,1859,83.8076277568579,75.14792899408283,O43557.pdb
Q13651,4439,62.81731245776112,43.59089885109259,Q13651.pdb
Q10588,2509,90.16722200079656,85.69151056197688,Q10588.pdb
O95881,1352,87.27801035502969,76.18343195266272,O95881.pdb
P11309,2519,90.32981738785314,89.0035728463676,P11309.pdb
Q9NZK7,1112,91.2587050359715,89.47841726618705,Q9NZK7.pdb
P01880,2981,73.32642066420676,68.0979537068098,P01880.pdb
P12034,2085,76.04547721822551,57.362110311750605,P12034.pdb
P23280,2500,89.63792000000048,89.32,P23280.pdb
P07585,2797,88.64613872005683,84.80514837325707,P07585.pdb
P01009,3293,89.00520498026134,88.21743091406013,P01009.pdb
P05413,1044,96.24079501915712,100.0,P05413.pdb
Q92843,1465,82.60569965870346,82.93515358361775,Q92843.pdb
Q16644,3016,83.22568965517242,78.28249336870027,Q16644.pdb
P07195,2569,96.04642273258058,100.0,P07195.pdb
P13500,770,87.56293506493502,83.63636363636363,P13500.pdb
P01730,3590,85.57181058495821,83.73259052924791,P01730.pdb
Q07820,2627,65.16758660068493,45.71754853444994,Q07820.pdb
P80162,831,82.25163658243045,72.80385078219012,P80162.pdb
O76093,1686,87.67060498220665,81.61328588374852,O76093.pdb
P10451,2488,53.13978697749178,4.742765273311897,P10451.pdb
O75509,5027,69.40737815794712,56.6341754525562,O75509.pdb
P01270,898,72.71894209354119,50.0,P01270.pdb
O95274,2510,74.47256972111593,59.800796812749,O95274.pdb
O14757,3829,78.13441107338757,75.63332462784017,O14757.pdb
P40238,5017,73.0896830775361,66.27466613514052,P40238.pdb
P05019,1524,60.04879921259823,34.71128608923885,P05019.pdb
Q6ZVN8,3164,82.9335840707966,79.61441213653603,Q6ZVN8.pdb
P04183,1780,82.30998314606705,72.86516853932584,P04183.pdb
Q9UHI8,7377,78.82915006100025,79.07008268944014,Q9UHI8.pdb
Q14982,2669,83.07330835518873,78.41888347695766,Q14982.pdb
O94768,2971,81.61141703130222,74.95792662403231,O94768.pdb
Q9HCK4,10640,67.17400939849668,56.785714285714285,Q9HCK4.pdb
P01275,1474,69.38737449118054,44.84396200814111,P01275.pdb
P62826,1724,88.83214617169341,89.21113689095128,P62826.pdb
Q15389,4038,83.11370975730549,79.96532937097574,Q15389.pdb
Q9UHL4,3842,94.35616345653281,92.86829776158251,Q9UHL4.pdb
P51671,752,87.98442819148943,86.70212765957447,P51671.pdb
P01854,3302,86.61446093276776,92.00484554815263,P01854.pdb
P22894,3786,90.59262282091981,90.88748019017433,P22894.pdb
P48736,8906,88.42051538288835,90.71412530878061,P48736.pdb
P42830,835,81.22925748502993,69.10179640718563,P42830.pdb
P13686,2588,94.94481839258088,93.89489953632149,P13686.pdb
P00533,9392,76.52090928449682,71.55025553662692,P00533.pdb
P46108,2393,70.71473882156327,65.90054325114919,P46108.pdb
Q07654,705,80.13799999999995,69.50354609929079,Q07654.pdb
P10645,3553,59.14722769490538,33.29580636082184,P10645.pdb
P48023,2217,80.63143888137098,68.33558863328822,P48023.pdb
P05783,3372,80.29975088967944,73.39857651245552,P05783.pdb
P15941,8617,47.80878147847262,12.336079842172449,P15941.pdb
P54750,4307,81.17947759461251,73.8797306710007,P54750.pdb
P0CG37,1727,64.20492762015064,40.64852345107122,P0CG37.pdb
P08174,2901,79.26628748707343,67.52843846949328,P08174.pdb
O75015,1850,88.80990270270286,84.64864864864865,O75015.pdb
P06241,4279,81.6714793175985,81.2105632157046,P06241.pdb
P31994,2397,79.03060075093848,64.08010012515645,P31994.pdb
O15041,6283,84.78236511220743,79.10233964666561,O15041.pdb
P78380,2172,87.40709484346196,83.88581952117863,P78380.pdb
P40121,2714,86.70528739867363,93.55195283714075,P40121.pdb
P09603,4225,58.387815384615784,33.94082840236686,P09603.pdb
O95825,2721,91.85852627710425,94.48732083792723,O95825.pdb
P03973,987,84.39587639311053,78.82472137791287,P03973.pdb
P01563,1510,85.85126490066234,82.25165562913908,P01563.pdb
O94779,8499,83.08476997293904,86.55135898340981,O94779.pdb
Q9Y6W8,1589,74.83444933920705,65.63876651982379,Q9Y6W8.pdb
P02818,772,76.58466321243532,54.92227979274611,P02818.pdb
Q8N0W4,6479,78.95477697175527,71.52338323815404,Q8N0W4.pdb
P80098,783,85.57899106002571,80.970625798212,P80098.pdb
Q8NAC3,6075,74.0666485596712,71.63786008230453,Q8NAC3.pdb
O00626,744,88.73178763440853,86.69354838709677,O00626.pdb
P13726,2333,85.2956108015431,79.5970852978997,P13726.pdb
Q13219,12691,79.19402174769573,80.63194389725003,Q13219.pdb
P39900,3824,88.02213127615039,87.34309623430963,P39900.pdb
Q16663,849,77.85074204947011,56.65488810365136,Q16663.pdb
Q04609,5968,94.01397117962487,94.671581769437,Q04609.pdb
Q14574,7023,74.81261996297866,70.0270539655418,Q14574.pdb
P02741,1771,94.23062676453888,92.37718802936195,P02741.pdb
P22692,1941,77.3779134466772,68.0577022153529,P22692.pdb
P09228,1156,89.60914359861553,86.67820069204151,P09228.pdb
Q06124,4782,86.22193224592309,85.57089084065245,Q06124.pdb
Q9UHD0,1432,87.7833030726255,88.0586592178771,Q9UHD0.pdb
Q8WWG1,893,78.48852183650588,71.10862262038073,Q8WWG1.pdb
Q05655,5449,80.81630941457175,81.4094329234722,Q05655.pdb
P20810,5359,59.506303414817125,33.980220190334016,P20810.pdb
P17676,2544,60.61132861635185,27.594339622641513,P17676.pdb
Q9H9S0,2424,58.31761138613856,22.854785478547853,Q9H9S0.pdb
O43464,3442,74.51040674026716,64.99128413712958,O43464.pdb
P08133,5325,94.6122647887314,97.46478873239437,P08133.pdb
O95994,1407,87.41945984363878,81.4498933901919,O95994.pdb
O43184,6958,71.66079189422253,64.57315320494395,O43184.pdb
Q08499,6400,68.20839843749985,53.8125,Q08499.pdb
P35318,1436,61.83017409470759,28.342618384401113,P35318.pdb
Q9H7M9,2387,73.8150733137831,60.997067448680355,Q9H7M9.pdb
P27918,3572,84.77590425531938,85.86226203807391,P27918.pdb
P00797,3169,85.6055127800571,82.39192174187441,P00797.pdb
Q13261,1976,65.38506072874509,39.321862348178136,Q13261.pdb
P02778,756,90.08510582010553,94.17989417989418,P02778.pdb
P00749,3396,82.30347467608969,80.62426383981153,P00749.pdb
Q03405,2566,81.65690958690585,75.87685113016369,Q03405.pdb
O00585,1023,74.74871945259024,62.65884652981427,O00585.pdb
Q9UIK4,3023,85.933231888852,82.56698643731393,Q9UIK4.pdb
Q8N2S1,12059,64.04897006385242,53.41238908698897,Q8N2S1.pdb
P48061,746,82.9390482573725,84.85254691689008,P48061.pdb
Q9BY41,2936,95.37996253405998,96.45776566757493,Q9BY41.pdb
P07451,2089,98.00320727620898,99.61704164672092,P07451.pdb
P10809,4273,88.47264919260506,91.01333957406975,P10809.pdb
P06400,7455,77.20564185110715,65.49966465459424,P06400.pdb
P36888,7935,75.52465028355421,69.75425330812854,P36888.pdb
O00220,3499,66.79400400114322,52.043440983138034,O00220.pdb
Q8IU54,1542,83.49358625162145,74.77302204928664,Q8IU54.pdb
P14091,3011,87.35528395881744,86.11756891398207,P14091.pdb
P28908,4436,61.292064923354815,39.54012623985573,P28908.pdb
Q9UJ70,2631,95.2300760167227,99.35385784872672,Q9UJ70.pdb
P98073,7943,82.09524109278581,86.34017373788241,P98073.pdb
Q96GP6,6425,64.55716731517558,46.81712062256809,Q96GP6.pdb
Q13489,4796,74.29228315262722,70.22518765638031,Q13489.pdb
O76083,4793,81.74836428124352,79.59524306279991,O76083.pdb
Q13478,4384,79.92320483576721,75.0,Q13478.pdb
Q86Y22,3652,60.285177984666014,17.223439211391018,Q86Y22.pdb
Q96AP7,2898,78.11487577639724,63.42305037957212,Q96AP7.pdb
P00918,2073,97.4029908345394,98.84225759768451,P00918.pdb
O15123,3993,83.46113698973295,79.83971950914099,O15123.pdb
P07148,996,94.95010040160562,100.0,P07148.pdb
P05129,5522,83.33165338645402,83.68344802607751,P05129.pdb
P15260,3821,66.62910756346574,47.13425804763151,P15260.pdb
P08476,3323,76.53928678904602,68.16130003009329,P08476.pdb
P05090,1496,90.8497459893049,89.77272727272727,P05090.pdb
P00441,1118,97.8212164579606,100.0,P00441.pdb
P01589,2147,72.50828598043795,60.50302748020494,P01589.pdb
P80075,785,89.58629299363065,86.87898089171975,P80075.pdb
P08697,3846,79.64311232449296,74.38897555902237,P08697.pdb
P10721,7725,78.83606213592316,73.7864077669903,P10721.pdb
Q9BXR6,4513,83.167052958121,85.92953689341901,Q9BXR6.pdb
P09038,2163,71.08581599630143,47.71151178918169,P09038.pdb
P68402,1798,94.2985873192442,94.10456062291435,P68402.pdb
P26447,819,85.1867277167274,79.97557997557998,P26447.pdb
P26951,3044,85.26981931668875,80.58475689881735,P26951.pdb
P03950,1161,90.44002583979317,83.37639965546943,P03950.pdb
P12544,2028,91.46294378698256,88.3629191321499,P12544.pdb
Q99538,3476,94.31771576524744,94.24626006904488,Q99538.pdb
O60603,6314,87.9055764966741,88.64428254672157,O60603.pdb
Q14112,10652,75.50300037551717,74.25835523845288,Q14112.pdb
P01019,3743,86.16239914507022,85.62650280523644,P01019.pdb
P62306,679,90.05665684830625,87.48159057437408,P62306.pdb
Q9Y258,747,85.24941097724208,76.43908969210173,Q9Y258.pdb
Q9NNX6,3221,73.24704439615,55.91431232536479,Q9NNX6.pdb
P08887,3629,78.68593827500698,68.94461284100302,P08887.pdb
P07333,7607,78.3709254633892,75.1807545681609,P07333.pdb
P15289,3770,96.39993368700276,95.96816976127322,P15289.pdb
Q6UX15,3026,69.85846662260438,52.115003304692664,Q6UX15.pdb
P02748,4423,78.78199864345406,78.99615645489487,P02748.pdb
P20711,3792,96.9359757383961,99.5253164556962,P20711.pdb
P19022,7026,79.17653003131225,74.23854255621976,P19022.pdb
Q8WWK9,5392,59.53706787833858,36.81379821958457,Q8WWK9.pdb
P10912,5025,59.94340895522403,35.52238805970149,P10912.pdb
O00339,7438,75.63590750201726,75.08738908308685,O00339.pdb
P28325,1127,88.95882874889122,81.18899733806566,P28325.pdb
P26441,1617,85.56180581323403,83.36425479282622,P26441.pdb
O95390,3168,75.95844381313154,74.02146464646465,O95390.pdb
Q49AH0,1463,80.28651401230343,75.66643882433355,Q49AH0.pdb
Q9BY67,3405,81.610146842878,74.53744493392071,Q9BY67.pdb
P24071,2269,83.52354781842178,76.3331864257382,P24071.pdb
Q99075,1617,66.59720470006187,50.34013605442177,Q99075.pdb
Q15759,2913,89.96470305526891,92.24167524888432,Q15759.pdb
P62937,1266,98.02497630331725,99.36808846761454,P62937.pdb
Q9NYY1,1407,93.18098791755492,89.05472636815921,Q9NYY1.pdb
P05543,3255,87.31296774193494,87.09677419354838,P05543.pdb
P35590,8789,81.89004551143385,84.04824212083287,P35590.pdb
P78333,4459,78.60031845705325,71.67526351199821,P78333.pdb
P32942,4175,87.07291976047881,86.65868263473054,P32942.pdb
P13385,1476,68.12712737127362,49.32249322493225,P13385.pdb
Q5KU26,5728,72.8183100558659,60.10824022346368,Q5KU26.pdb
Q9Y275,2191,79.05813327247772,66.45367412140575,Q9Y275.pdb
P78552,3429,82.33439486730843,76.87372411781861,P78552.pdb
O95954,4137,95.40862218999295,98.16291999033115,O95954.pdb
Q9BWP8,2003,80.21396904643049,63.70444333499751,Q9BWP8.pdb
O43278,4094,77.01836590131855,72.54518808011724,O43278.pdb
Q9NRA0,4877,77.63086118515547,72.01148246873078,Q9NRA0.pdb
Q01469,1055,96.46782938388678,100.0,Q01469.pdb
Q13882,3656,89.16695295404813,94.36542669584244,Q13882.pdb
P01037,1155,92.49624242424228,95.67099567099568,P01037.pdb
P11226,1833,81.923006001091,72.12220403709766,P11226.pdb
P19235,3883,68.22763584857067,50.991501416430594,P19235.pdb
P05113,1071,87.30927170868351,81.23249299719888,P05113.pdb
P42226,6620,77.1467341389726,72.9607250755287,P42226.pdb
Q9Y259,3191,86.45011281729849,85.92917580695708,Q9Y259.pdb
P07306,2334,86.76574121679502,82.9477292202228,P07306.pdb
P98172,2673,71.17928170594864,55.031799476243926,P98172.pdb
Q9HB63,4897,84.0334776393705,82.25444149479273,Q9HB63.pdb
Q6UWB1,4903,79.0211034060782,74.077095655721,Q6UWB1.pdb
P02649,2539,76.14583300512086,70.89405277668374,P02649.pdb
Q9NQ30,1390,73.14345323741006,56.0431654676259,Q9NQ30.pdb
Q8IWV2,7993,87.52539847366383,93.64443888402351,Q8IWV2.pdb
P58400,3546,68.1808432036098,43.626621545403275,P58400.pdb
Q9UJU6,3394,74.31369180907461,60.37124337065409,Q9UJU6.pdb
O95944,2158,74.97261353104719,56.441149212233555,O95944.pdb
P55773,931,76.5022771213749,60.257787325456505,P55773.pdb
O00602,2468,86.23833468395442,77.3905996758509,O00602.pdb
Q6YHK3,11395,81.37546731022412,84.59850811759544,Q6YHK3.pdb
P31785,2983,76.8157961783439,63.9624539054643,P31785.pdb
Q6UWV6,3632,90.89827643171873,86.4262114537445,Q6UWV6.pdb
P35070,1372,72.3894314868805,64.86880466472303,P35070.pdb
P42224,6148,88.26073845152881,88.2726089785296,P42224.pdb
P57087,2330,83.21566952789672,76.78111587982832,P57087.pdb
P07288,2020,91.8288712871285,90.2970297029703,P07288.pdb
Q08752,2868,96.55435146443499,100.0,Q08752.pdb
O14929,3488,92.96282683486288,95.95756880733946,O14929.pdb
P37802,1570,88.30522929936278,88.6624203821656,P37802.pdb
P61247,2096,84.37556297709928,82.91984732824427,P61247.pdb
P05161,1257,86.5401352426415,92.52187748607797,P05161.pdb
P16591,6637,88.05709959319044,91.39671538345638,P16591.pdb
P36955,3264,90.8765625000001,89.39950980392157,P36955.pdb
P11387,6384,80.46687656641586,73.46491228070175,P11387.pdb
P19957,852,71.76906103286368,50.82159624413145,P19957.pdb
O14786,7259,79.34793084446929,77.69665243146439,O14786.pdb
P01034,1108,89.51997292418777,87.54512635379061,P01034.pdb
P61960,642,91.70165109034262,93.30218068535827,P61960.pdb
Q16674,1018,87.00588408644403,78.38899803536346,Q16674.pdb
P60763,1502,93.83371504660506,93.3422103861518,P60763.pdb
P10914,2560,66.95117968750016,39.21875,P10914.pdb
P62081,1561,87.38137091607953,93.91415759128763,P62081.pdb
P16870,3744,91.10281784188028,90.57158119658119,P16870.pdb
P14780,5538,82.25627663416375,82.66522210184182,P14780.pdb
P31151,802,95.74061097256873,97.50623441396509,P31151.pdb
P33151,6166,78.08841388258135,75.02432695426533,P33151.pdb
Q96KQ7,9264,68.98788752158838,58.84067357512953,Q96KQ7.pdb
P68036,1258,94.41832273449896,98.64864864864865,P68036.pdb
P61626,1157,94.4546413137427,90.66551426101988,P61626.pdb
P40925,2558,96.8112197028927,99.45269741985928,P40925.pdb
P43489,2045,77.22429339853286,59.46210268948655,P43489.pdb
P29279,2627,77.65704606014464,76.20860296916635,P29279.pdb
P55854,815,81.54757055214732,73.74233128834355,P55854.pdb
P04278,3086,86.40323395981875,84.8347375243033,P04278.pdb
Q9H2X3,3190,67.21146708463951,38.49529780564263,Q9H2X3.pdb
Q07021,2204,75.82465063520847,65.69872958257713,Q07021.pdb
O95445,1493,89.63221031480269,92.4983255190891,O95445.pdb
Q9UBP4,2671,74.15204043429465,65.36877573942344,Q9UBP4.pdb
P63104,1945,94.30010796915171,95.11568123393316,P63104.pdb
P16671,3735,94.13775100401624,98.8487282463186,P16671.pdb
O75716,2434,93.30390714872628,94.82333607230896,O75716.pdb
Q96NZ8,4102,77.64661628473927,75.62164797659679,Q96NZ8.pdb
P02790,3652,88.49480832420646,87.29463307776561,P02790.pdb
P07355,2709,94.6746253229976,94.42598744924327,P07355.pdb
P10600,3322,76.98141782059005,68.7537627934979,P10600.pdb
O00206,6739,89.11311173764591,90.60691497254786,O00206.pdb
Q9UGM5,2948,81.87486770691994,76.66214382632293,Q9UGM5.pdb
P20231,2152,91.74156598513026,89.21933085501858,P20231.pdb
P31751,3925,82.57249426751571,82.77707006369427,P31751.pdb
P31937,2466,90.45100973236067,86.90186536901865,P31937.pdb
P22455,6193,74.61047472953278,68.70660423058291,P22455.pdb
P24666,1261,96.13340999206959,96.66931007137192,P24666.pdb
Q9BZM4,1966,82.87017802644952,73.55035605289929,Q9BZM4.pdb
P09960,4885,96.57847901740067,99.69293756397134,P09960.pdb
P36894,4213,83.27012580109164,79.80061713743176,P36894.pdb
P35442,9101,84.80550049444982,85.90264806065268,P35442.pdb
P46527,1549,70.87418979987113,44.54486765655262,P46527.pdb
Q9UHF4,4400,64.72744090909161,44.95454545454545,Q9UHF4.pdb
P41273,1880,77.18760638297874,64.9468085106383,P41273.pdb
Q86VB7,8762,79.09672791600042,79.17142204976034,Q86VB7.pdb
Q11128,3041,88.41268332785293,86.5833607365998,Q11128.pdb
P10915,2839,89.76230362803778,88.30574145825994,P10915.pdb
P55289,6227,77.6315705797333,73.59884374498154,P55289.pdb
Q99729,2556,65.61348591549292,44.44444444444444,Q99729.pdb
Q9BXN2,1942,78.29143151390306,65.19052523171987,Q9BXN2.pdb
P50395,3561,93.72127492277426,96.3493400730132,P50395.pdb
Q8IXJ6,3030,82.86376237623799,76.27062706270628,Q8IXJ6.pdb
P00740,3628,80.05048787210578,77.26019845644984,P00740.pdb
Q14397,4826,93.42488603398206,94.73684210526315,Q14397.pdb
P08246,2000,88.16338999999971,81.89999999999999,P08246.pdb
Q9H4F8,3364,73.56153686088017,66.29013079667064,Q9H4F8.pdb
P24592,1762,71.05241203178203,52.32690124858116,P24592.pdb
P36896,3984,83.96954066265086,79.89457831325302,P36896.pdb
Q06323,2018,90.6395143706642,89.59365708622398,Q06323.pdb
O00408,7411,83.4517420051265,84.71191472136013,O00408.pdb
P09683,913,66.37238773274933,30.44906900328587,P09683.pdb
Q13093,3530,87.90305382436293,84.36260623229461,Q13093.pdb
P08581,10929,79.58763198828842,79.33937231219691,P08581.pdb
P30040,2044,84.08500978473593,85.22504892367905,P30040.pdb
P01871,3474,84.95301669545178,86.38457109959701,P01871.pdb
Q99983,3489,81.54958727429054,74.00401261106335,Q99983.pdb
Q4KMG0,9780,62.90634151329216,53.51738241308793,Q4KMG0.pdb
P02765,2763,77.92245023525241,66.81143684401013,P02765.pdb
P09493,2288,91.5996416083916,93.48776223776224,P09493.pdb
O43320,1681,81.88612135633524,72.51635930993456,O43320.pdb
P01282,1349,67.81212750185327,42.10526315789473,P01282.pdb
P28799,4375,76.98417142857173,78.65142857142857,P28799.pdb
P27930,3202,84.1016552154902,81.5740162398501,P27930.pdb
Q96F46,6754,70.03232750962279,59.505478235119924,Q96F46.pdb
O60565,1445,73.24474048442919,55.22491349480969,O60565.pdb
O75144,2341,82.71666809056003,76.54848355403674,O75144.pdb
O95990,1227,76.53669926650352,70.82314588427057,O95990.pdb
P11142,4982,89.17593536732261,93.09514251304697,P11142.pdb
P56211,864,68.93000000000005,47.91666666666667,P56211.pdb
P55285,6223,78.7635931222885,76.57078579463281,P55285.pdb
P45973,1559,76.45387427838338,63.82296343810134,P45973.pdb
Q6UXK2,5563,65.72273952903164,50.99766313140391,Q6UXK2.pdb
P11717,19230,73.23647789911581,72.73010920436818,P11717.pdb
P02788,5486,95.06001275975173,96.57309515129421,P02788.pdb
P04141,1140,88.58718421052637,80.61403508771929,P04141.pdb
P03971,4166,68.7761041766679,60.08161305808929,P03971.pdb
P17252,5393,86.71925644353756,87.76191359169293,P17252.pdb
Q92838,2904,71.6457713498619,57.30027548209367,Q92838.pdb
P54826,2488,71.76513665594813,54.58199356913184,P54826.pdb
P01308,839,53.44164481525612,14.183551847437425,P01308.pdb
O95388,2804,77.10488944365213,71.11269614835949,O95388.pdb
P01567,1551,84.19595099935528,80.46421663442939,P01567.pdb
Q9UNG2,1598,81.15904255319172,74.46808510638297,Q9UNG2.pdb
Q9NPY3,4783,70.96993727785905,64.54108300229981,Q9NPY3.pdb
P13232,1413,74.18424628450086,63.90658174097664,P13232.pdb
P63241,1175,88.82405106383031,90.80851063829786,P63241.pdb
O14836,2211,62.943998190863795,36.092265943012215,O14836.pdb
P29350,4759,86.41216432023586,86.86698886320656,P29350.pdb
O43765,2387,82.07741097612012,80.35190615835776,O43765.pdb
O95393,3372,74.79916370106785,64.5314353499407,O95393.pdb
P08185,3177,87.48769908718944,85.8356940509915,P08185.pdb
O95571,1954,93.23133060388916,91.24872057318322,O95571.pdb
P36507,3121,82.94490868311432,79.94232617750721,P36507.pdb
Q9HC73,2964,78.11247300944716,70.78272604588393,Q9HC73.pdb
Q16790,3505,76.98377175463617,62.25392296718974,Q16790.pdb
O60259,1964,88.53642566191391,86.0488798370672,O60259.pdb
P04035,6812,76.13535085143857,70.05284791544334,P04035.pdb
O00253,1000,70.28894999999999,51.1,O00253.pdb
P45983,3385,83.650076809453,81.0930576070901,P45983.pdb
Q8N5S9,3923,72.33123120061171,60.540402752995156,Q8N5S9.pdb
Q9UQ80,3069,92.81113391984356,90.32258064516128,Q9UQ80.pdb
P50281,4659,81.76763683193738,77.97810688989053,P50281.pdb
P15692,1884,78.41140658174062,69.95753715498938,P15692.pdb
Q29980,2990,78.97880267558507,72.17391304347827,Q29980.pdb
Q9Y4C5,4076,79.16401864573152,70.6820412168793,Q9Y4C5.pdb
P63098,1353,92.15923872875108,93.34811529933481,P63098.pdb
Q16778,978,88.04313905930485,87.42331288343557,Q16778.pdb
P31947,1947,93.38504365690792,95.27478171545968,P31947.pdb
Q96GD0,2228,96.18256283662487,97.93536804308796,Q96GD0.pdb
O43921,1688,81.34882109004735,68.60189573459715,O43921.pdb
O60243,3392,87.0957163915097,83.93278301886792,O60243.pdb
P01241,1749,80.9964150943393,73.12750142938822,P01241.pdb
P06396,6044,89.71282594308457,91.54533421575117,P06396.pdb
O94991,7566,66.34350911974566,54.82421358710019,O94991.pdb
P30566,3846,96.92738169526787,98.64794591783671,P30566.pdb
P08253,5214,90.15341196777915,92.42424242424242,P08253.pdb
O75355,4169,90.64008395298528,92.22835212281123,O75355.pdb
P48047,1631,83.3596995708155,89.08645003065604,P48047.pdb
O75914,4372,72.83372369624902,60.9103385178408,O75914.pdb
P04637,3060,75.12907189542476,59.248366013071895,P04637.pdb
P45984,3376,82.50715343601888,80.77606635071089,P45984.pdb
Q14974,6805,94.917044819986,99.67670830271858,Q14974.pdb
Q92688,2016,79.00411210317408,62.202380952380956,Q92688.pdb
P01584,2158,75.92467099165923,62.511584800741424,P01584.pdb
Q96KP4,3723,97.87911093204347,99.78511952726295,Q96KP4.pdb
P14151,2953,85.32516423975628,80.25736539112766,P14151.pdb
Q06418,6809,75.21665883389662,71.43486561903363,Q06418.pdb
Q969J5,2149,79.11275476966104,73.15030246626338,Q969J5.pdb
Q9HD89,786,89.07522900763361,84.35114503816794,Q9HD89.pdb
Q15303,10291,73.09161500340136,66.18404431056263,Q15303.pdb
Q13765,1636,73.39403422982872,56.35696821515892,Q13765.pdb
Q9UBU3,909,64.01067106710673,41.36413641364136,Q9UBU3.pdb
P49771,1859,82.04150080688532,71.49004841312534,P49771.pdb
Q9UHA7,1240,92.88737903225804,96.12903225806451,Q9UHA7.pdb
P14618,4060,96.78672413793183,98.52216748768473,P14618.pdb
P00519,8643,63.12244706699138,43.36457248640519,P00519.pdb
Q99706,2927,70.52169115134913,59.6173556542535,Q99706.pdb
P18509,1327,63.53435568952524,30.06782215523738,P18509.pdb
Q9UBG0,11739,78.22099071471274,77.0764119601329,Q9UBG0.pdb
Q9P126,1863,88.7010305958127,87.43961352657004,Q9P126.pdb
Q9UK05,3326,75.53486770896012,67.91942273000602,Q9UK05.pdb
P23560,1944,72.37757201646066,56.84156378600823,P23560.pdb
Q8NHW4,710,90.27970422535203,87.74647887323944,Q8NHW4.pdb
O60383,3621,66.51933443800091,48.52250759458713,O60383.pdb
P09668,2630,94.32487832699606,92.88973384030417,P09668.pdb
Q16627,748,86.46967914438525,73.2620320855615,Q16627.pdb
P22362,764,86.40079842931956,81.282722513089,P22362.pdb
O00299,1895,94.25099736147764,95.62005277044855,O00299.pdb
Q13421,4853,79.08733566865803,78.96146713373172,Q13421.pdb
P54920,2329,88.86781451266619,92.95835122370116,P54920.pdb
P24821,16868,74.82742530234947,71.88166943324639,P24821.pdb
P31946,1969,93.88126968004065,95.88623666835957,P31946.pdb
P01042,5058,65.73115856069607,49.8220640569395,P01042.pdb
Q6UXX9,1967,83.2663701067616,78.29181494661923,Q6UXX9.pdb
P05164,5890,89.70159083191827,90.59422750424449,P05164.pdb
P41271,1355,76.16430996309998,58.59778597785977,P41271.pdb
P01583,2152,73.82959572490695,55.762081784386616,P01583.pdb
P78324,3866,78.63116140714038,68.15830315571651,P78324.pdb
P63167,728,95.6595467032968,96.97802197802197,P63167.pdb
Q9NR28,1904,82.39271533613463,71.00840336134453,Q9NR28.pdb
O14965,3228,75.90578686493186,64.46716232961586,O14965.pdb
Q9GZN4,2372,86.77190556492349,81.87183811129847,Q9GZN4.pdb
Q99665,6833,73.665294892433,69.31069808283331,Q99665.pdb
Q16665,6487,61.01097271466133,40.09557576691845,Q16665.pdb
P04818,2516,94.13606120826736,92.0906200317965,P04818.pdb
P21695,2632,96.14950987841982,99.69604863221885,P21695.pdb
Q8IZF4,4155,82.33202647412764,80.98676293622142,Q8IZF4.pdb
P35625,1694,87.41833530106277,82.11334120425029,P35625.pdb
P10768,2218,98.25169972948619,99.63931469792607,P10768.pdb
P42081,2640,79.80962499999936,69.50757575757575,P42081.pdb
P42574,2214,86.35735772357738,82.97199638663054,P42574.pdb
Q9NS68,3200,60.380731250000046,37.65625,Q9NS68.pdb
P14735,8322,93.79620884402686,94.25618841624609,P14735.pdb
P05114,746,63.28115281501342,9.785522788203753,P05114.pdb
O43291,1974,80.12228470111427,68.89564336372847,O43291.pdb
O43699,3516,75.90591296928388,65.07394766780432,O43699.pdb
P10646,2449,73.54787668436109,57.656186198448346,P10646.pdb
Q9UKR3,2149,86.2402233597023,84.36482084690554,Q9UKR3.pdb
O15392,1151,95.05476107732409,97.91485664639444,O15392.pdb
P50461,1461,75.38292265571557,65.02395619438741,P50461.pdb
P51813,5493,76.56199526670332,71.7276533770253,P51813.pdb
Q04756,4960,75.14192540322598,68.58870967741936,Q04756.pdb
Q7Z4V5,5214,60.968202915227835,34.04296125815113,Q7Z4V5.pdb
P04626,9661,74.9091822792672,67.67415381430494,P04626.pdb
P51884,2709,90.63328534514545,91.10372831303064,P51884.pdb
P04155,633,88.40529225908386,84.51816745655609,P04155.pdb
P07202,7237,84.39631062595045,82.09202708304547,P07202.pdb
P08238,5848,84.4500444596439,84.02872777017784,P08238.pdb
Q15465,3496,80.93488272311158,78.00343249427918,Q15465.pdb
O95243,4642,60.44051917277021,37.246876346402416,O95243.pdb
P12830,6870,79.89055167394477,75.40029112081513,P12830.pdb
Q9BY79,4358,71.78319871500679,65.58054153281321,Q9BY79.pdb
P01566,1531,86.42417374265146,86.74069235793598,P01566.pdb
Q86VH5,4631,74.58947527531804,66.3139710645649,Q86VH5.pdb
Q92765,2530,80.77376284584965,74.26877470355731,Q92765.pdb
P05771,5401,86.54034438067073,87.15052768005926,P05771.pdb
P18031,3512,82.03060933940748,75.25626423690206,P18031.pdb
P52823,1929,78.28701918092267,67.13322965266978,P52823.pdb
Q14012,2906,79.37810392291837,72.88368891947694,Q14012.pdb
Q07507,1688,85.36942535544985,80.03554502369668,Q07507.pdb
P15248,1100,85.12685454545465,84.27272727272728,P15248.pdb
Q9BQR3,2243,89.62254569772654,88.23004904146232,Q9BQR3.pdb
Q92934,1297,62.06990747879723,28.450269853508097,Q92934.pdb
P23510,1482,84.4242645074224,80.49932523616734,P23510.pdb
P04083,2716,95.59134020618609,97.71723122238586,P04083.pdb
Q01973,7322,69.81676454520634,62.25075116088501,Q01973.pdb
Q08ET2,3094,83.53956690368383,84.16289592760181,Q08ET2.pdb
P32970,1482,83.4256545209174,78.27260458839406,P32970.pdb
Q07817,1838,73.63605005440726,59.35799782372143,Q07817.pdb
Q9UQM7,3810,86.6658687664038,88.03149606299212,Q9UQM7.pdb
P00568,1517,95.87965721819394,98.2201713909031,P00568.pdb
P07951,2294,91.4767218831729,93.94071490845684,P07951.pdb
P52798,1579,83.81761241291962,80.68397720075997,P52798.pdb
P27361,3036,89.2570223978925,90.87615283267458,P27361.pdb
P14555,1117,91.3962578334821,91.13697403760071,P14555.pdb
Q96PQ0,9029,78.78795769188154,79.21142983719128,Q96PQ0.pdb
P28907,2405,91.07150103950104,90.27027027027027,P28907.pdb
O75173,6330,80.0895213270148,79.49447077409162,O75173.pdb
P00734,4916,84.75164971521501,84.37754271765662,P00734.pdb
P29353,4412,63.382280145059354,45.7388939256573,P29353.pdb
Q15118,3470,86.90996253602343,84.49567723342939,Q15118.pdb
P56159,3587,73.8963423473655,64.62224700306662,P56159.pdb
P24394,6290,54.99843084260748,30.57233704292528,P24394.pdb
P17936,2212,67.73329113924056,48.734177215189874,P17936.pdb
P29323,8232,80.1209851797857,79.81049562682216,P29323.pdb
O60542,1166,78.09860205831936,66.63807890222985,O60542.pdb
Q8TE58,7240,78.17034392265221,78.1353591160221,Q8TE58.pdb
Q99969,1311,85.71298245614038,79.32875667429443,Q99969.pdb
P63279,1268,97.46993690851708,98.89589905362776,P63279.pdb
P0C0S5,954,90.82273584905627,86.37316561844864,P0C0S5.pdb
Q08708,1750,73.78698285714255,56.34285714285714,Q08708.pdb
Q13873,8070,58.46784014869862,39.05824039653036,Q13873.pdb
P09486,2428,85.05634266886315,78.83031301482701,P09486.pdb
P47992,873,81.75641466208464,75.94501718213058,P47992.pdb
Q86UE6,4119,79.56124544792479,70.42971595047341,Q86UE6.pdb
P21757,3494,71.98683743560368,56.03892386949055,P21757.pdb
Q8N126,3044,84.6100854139291,79.43495400788436,Q8N126.pdb
P00558,3125,96.62922879999948,99.744,P00558.pdb
Q16549,6069,82.36379634206712,77.92057999670456,Q16549.pdb
P04070,3650,82.63164383561686,78.4931506849315,P04070.pdb
Q13557,3966,84.29213313161804,84.3166918809884,Q13557.pdb
P01579,1360,85.72905882352983,79.70588235294119,P01579.pdb
P01160,1150,63.897686956521696,34.69565217391305,P01160.pdb
Q01638,4457,82.64701817365945,82.2526363024456,Q01638.pdb
P48740,5564,90.96244069015074,93.04457225017973,P48740.pdb
P42684,9023,62.270761387564924,46.45904909675274,P42684.pdb
O15264,2964,89.08400134952693,90.2834008097166,O15264.pdb
P09758,2500,82.22030000000028,75.08,P09758.pdb
Q9NX40,1944,64.52157407407442,41.82098765432099,Q9NX40.pdb
P04406,2535,98.17070611439878,99.68441814595661,P04406.pdb
P02647,2171,73.61168125287887,64.3021649009673,P02647.pdb
Q9NZH7,1294,53.69670015455955,33.61669242658423,Q9NZH7.pdb
Q9Y219,9275,72.67450026954214,68.61455525606469,Q9Y219.pdb
Q14005,9942,51.09045262522612,29.77268155300744,Q14005.pdb
P05121,3171,89.86905077262745,90.41311888994008,P05121.pdb
Q9NQU5,5259,67.07498193572928,49.64822209545541,Q9NQU5.pdb
Q9NQ25,2628,78.59730213089793,70.77625570776256,Q9NQ25.pdb
Q92823,10142,78.95627785446746,78.74186550976138,Q92823.pdb
Q14498,4167,66.23569234461227,50.82793376529877,Q14498.pdb
Q99829,4161,92.45107426099547,96.77962028358567,Q99829.pdb
P53582,3030,94.32323432343216,94.71947194719472,P53582.pdb
Q16610,4258,68.88251996242386,61.01456082667919,Q16610.pdb
P19174,10460,83.34171032504801,83.1548757170172,P19174.pdb
P04040,4227,96.0232008516678,95.33948426780222,P04040.pdb
P25445,2632,78.44150075987852,69.11094224924013,P25445.pdb
Q08722,2476,86.57459612277847,84.77382875605815,Q08722.pdb
P21217,2983,90.59422058330468,89.70834730137446,P21217.pdb
Q76LX8,10739,75.7060042834522,74.42964894310458,Q76LX8.pdb
P14778,4607,84.2107510310397,84.95767310614283,P14778.pdb
P13671,7321,79.0531580385193,83.60879661248464,P13671.pdb
P21860,10362,72.8253734800225,66.46400308820691,P21860.pdb
Q13007,1679,83.75916021441314,76.4145324597975,Q13007.pdb
P05546,4015,80.39844582814436,75.91531755915317,P05546.pdb
Q9BZM5,1917,83.11872196139835,72.45696400625978,Q9BZM5.pdb
P06702,928,94.90594827586222,97.09051724137932,P06702.pdb
P47929,1066,96.86732645403386,99.24953095684803,P47929.pdb
P01031,13267,81.723251677093,85.30941433632321,P01031.pdb
Q9UK53,3282,58.52108775137066,34.52163315051798,Q9UK53.pdb
Q9BY76,3186,78.77985875706112,75.54927809165098,Q9BY76.pdb
P02743,1799,94.41268482490288,91.93996664813785,P02743.pdb
P07225,5253,83.2530553969165,86.75042832667047,P07225.pdb
P31371,1657,83.94680144840099,75.37718768859385,P31371.pdb
O95407,2284,87.32857267950978,82.66199649737302,O95407.pdb
P55075,1866,81.1874598070737,65.4876741693462,P55075.pdb
P61812,3355,79.06030998509699,75.35022354694486,P61812.pdb
P26927,5629,83.62029134837472,85.91224018475751,P26927.pdb
P22079,5653,92.35253316822897,92.41110914558641,P22079.pdb
Q16288,6640,77.0682861445781,72.89156626506023,Q16288.pdb
P40763,6182,85.76562601099936,84.68133290197348,P40763.pdb
O15232,3687,78.46065364795231,73.25739083265528,O15232.pdb
P13693,1371,91.65643326039391,88.47556528081692,P13693.pdb
Q14114,7375,73.62178305084777,67.60677966101694,Q14114.pdb
Q8N158,4415,79.92134088335274,73.86183465458663,Q8N158.pdb
P51665,2609,82.9201533154466,84.05519356075123,P51665.pdb
O95219,3652,85.1270700985759,82.69441401971523,O95219.pdb
O75582,6324,70.7446505376343,61.859582542694504,O75582.pdb
P05155,3874,80.74283427981418,74.96128033040785,P05155.pdb
Q9NP95,1660,83.30027710843369,75.06024096385542,Q9NP95.pdb
P01116,1517,92.2809756097559,93.01252471984179,P01116.pdb
P49137,3202,83.67417863835045,78.01374141161774,P49137.pdb
Q9NP60,5522,75.6946251358198,73.59652299891344,Q9NP60.pdb
P43490,3925,94.10414777070056,95.21019108280255,P43490.pdb
Q99062,6483,74.41345364800279,69.44315903131266,Q99062.pdb
Q9BZZ2,12843,76.98751771393013,78.29946274234992,Q9BZZ2.pdb
P16435,5401,91.16606554341784,92.05702647657841,P16435.pdb
Q9UHX3,6330,79.23140916271699,80.93206951026856,Q9UHX3.pdb
Q8IZJ0,1561,84.1380781550289,77.25816784112747,Q8IZJ0.pdb
Q92563,3267,68.10987144168924,52.678298132843594,Q92563.pdb
Q8IW41,3805,78.80113797634637,73.92904073587385,Q8IW41.pdb
Q6ZMJ4,1935,80.43957105943173,69.30232558139535,Q6ZMJ4.pdb
Q9BZR6,3570,77.0629635854342,64.28571428571429,Q9BZR6.pdb
Q9H422,9392,52.63359774275994,31.612010221465077,Q9H422.pdb
P14210,5825,83.85354334763855,84.1030042918455,P14210.pdb
P22897,11697,81.41666923142601,82.75626228947594,P22897.pdb
Q92994,5167,70.5985136442805,57.035029998064644,Q92994.pdb
P20936,8190,78.11711111111104,78.88888888888889,P20936.pdb
P04054,1138,89.16037785588757,85.9402460456942,P04054.pdb
P00747,6343,83.69615008670951,86.83588207472805,P00747.pdb
P08603,9730,79.11214594039079,86.80369989722507,P08603.pdb
P41182,5514,50.109711643090726,24.845846935074356,P41182.pdb
P55957,1541,62.45272550292013,35.30175210902012,P55957.pdb
P02679,3629,85.74063929457121,80.79360705428492,P02679.pdb
O00300,3222,87.00873370577305,90.13035381750466,O00300.pdb
Q9UMF0,6821,81.26937985632605,83.38953232663833,Q9UMF0.pdb
P00915,2042,96.97798237022567,98.72673849167482,P00915.pdb
Q8N423,4584,76.51221204188471,69.4153577661431,Q8N423.pdb
P16860,1032,60.627693798449464,26.744186046511626,P16860.pdb
P04792,1611,67.9757293606458,47.796399751707014,P04792.pdb
P01127,1907,73.57085998951284,57.734661772417404,P01127.pdb
P06734,2558,86.3189249413598,81.15715402658327,P06734.pdb
P08709,3613,82.73957376141648,80.4040963188486,P08709.pdb
Q7Z3B1,2717,81.86483989694504,76.99668752300332,Q7Z3B1.pdb
O95256,4814,77.72215205650186,74.57415870378064,O95256.pdb
Q9Y240,2516,79.86012321144705,71.34340222575517,Q9Y240.pdb
Q9GZV9,1965,77.72502798982211,65.9033078880407,Q9GZV9.pdb
P10619,3843,94.52585219880348,93.91100702576112,P10619.pdb
Q8N6Q3,3228,86.17837980173529,86.61710037174721,Q8N6Q3.pdb
P14174,875,98.5943085714285,100.0,P14174.pdb
P41743,4791,82.48187852222996,82.50887079941556,P41743.pdb
P43026,3904,71.1364523565571,60.45081967213115,P43026.pdb
Q16832,6801,77.13124246434367,73.94500808704603,Q16832.pdb
Q9BYZ8,1279,89.16732603596552,83.58092259577795,Q9BYZ8.pdb
Q9NS85,2645,86.00435160680567,81.85255198487712,Q9NS85.pdb
Q9HBG7,5065,66.42057255676164,56.64363277393879,Q9HBG7.pdb
P16619,708,90.11586158192064,87.00564971751412,P16619.pdb
Q9NZQ7,2339,88.121201368106,84.0957674219752,Q9NZQ7.pdb
P16471,4891,61.77944387650892,39.726027397260275,P16471.pdb
Q8IZU9,5986,72.39264784497223,63.08052121617107,Q8IZU9.pdb
P05451,1316,91.20421732522755,87.46200607902736,P05451.pdb
P24534,1740,77.61120114942536,78.67816091954023,P24534.pdb
P03956,3826,91.47297177208644,89.57135389440668,P03956.pdb
Q8IYJ0,2125,54.897938823529465,13.788235294117648,Q8IYJ0.pdb
Q96IY4,3421,94.32705057000948,94.53376205787781,Q96IY4.pdb
Q9H1K4,2367,74.18376003379801,74.31347697507394,Q9H1K4.pdb
Q99616,767,85.94933507170794,78.35723598435462,Q99616.pdb
Q9HAV5,2289,69.56595893403282,53.07994757536042,Q9HAV5.pdb
P55008,1169,87.2705303678363,87.59623609923011,P55008.pdb
Q5VWK5,5047,68.93435704378861,54.76520705369526,Q5VWK5.pdb
P16109,6339,80.2244644265669,83.57785139611926,P16109.pdb
P17706,3407,86.09253302025236,87.40827707660699,P17706.pdb
Q9Y5U5,1808,73.01034845132716,56.02876106194691,Q9Y5U5.pdb
P08962,1787,90.8955400111913,94.23614997202014,P08962.pdb
Q15109,3013,83.50466312645244,77.96216395618984,Q15109.pdb
P52799,2595,71.64560308285155,54.60500963391137,P52799.pdb
O14791,3094,51.65913057530715,23.787976729153197,O14791.pdb
Q13231,3643,91.77636288772973,90.20038429865495,Q13231.pdb
Q9UMR2,3782,81.70255949233199,79.24378635642518,Q9UMR2.pdb
Q04912,10709,80.27801288635816,80.05416005229247,Q04912.pdb
P07477,1863,92.02707461084283,90.33816425120773,P07477.pdb
Q02241,7716,73.07353421461869,66.92586832555727,Q02241.pdb
P49961,4088,90.59410958904,91.43835616438356,P49961.pdb
Q9NQW7,4920,96.95923577235754,99.61382113821138,Q9NQW7.pdb
P18669,2031,94.12221073362844,97.78434268833087,P18669.pdb
Q13542,907,77.37789415656029,68.46747519294377,Q13542.pdb
O75636,2320,87.90668534482765,82.45689655172413,O75636.pdb
Q9NP97,765,94.01751633986932,98.95424836601308,Q9NP97.pdb
P21815,2474,50.05546079223972,3.7186742118027487,P21815.pdb
P14635,3383,77.77241501625781,65.97694354123558,P14635.pdb
Q9HCN6,2598,76.15366435719748,62.77906081601232,Q9HCN6.pdb
P63208,1308,90.26419724770653,90.13761467889908,P63208.pdb
Q9UBT3,1725,73.66708985507248,56.811594202898554,Q9UBT3.pdb
P06744,4455,97.84076767676902,99.37149270482604,P06744.pdb
O75815,6493,66.50114738949657,54.135222547358694,O75815.pdb
P51812,5899,77.46640447533538,75.96202746228174,P51812.pdb
P49862,1921,91.64944299843862,88.39146277980218,P49862.pdb
Q96MS0,10433,64.08680532924413,52.525639796798615,Q96MS0.pdb
P07948,4124,83.7266998060138,82.80795344325898,P07948.pdb
P41240,3564,91.69148428731786,96.15600448933782,P41240.pdb
Q9HBX9,6120,81.16698529411741,81.40522875816994,Q9HBX9.pdb
Q02413,7974,62.37682969651328,44.49460747429145,Q02413.pdb
P46952,2293,95.79858264282613,99.25861317051897,P46952.pdb
P16284,5785,80.59658945548885,79.56784788245463,P16284.pdb
P22626,2644,70.67957639939485,55.48411497730711,P22626.pdb
P00751,6010,85.88389850249557,89.7171381031614,P00751.pdb
P05112,1226,87.1739722675368,81.64763458401305,P05112.pdb
P58417,2191,66.72451392058431,49.201277955271564,P58417.pdb
P84022,3378,84.2802486678508,80.60982830076968,P84022.pdb
Q86SJ2,4066,75.29801770782173,69.67535661583865,Q86SJ2.pdb
P51654,4592,75.66367595818784,66.74651567944251,P51654.pdb
Q9BZM6,1970,81.76732487309687,71.6751269035533,Q9BZM6.pdb
Q05513,4754,80.53423222549416,79.15439629785443,Q05513.pdb
Q6UXM1,8661,73.1633344879339,68.01754993649693,Q6UXM1.pdb
Q12805,3798,76.85349921011064,76.51395471300685,Q12805.pdb
Q14956,4505,77.69241953385122,70.49944506104329,Q14956.pdb
Q9BXY4,2151,78.12450488145049,67.59646675964667,Q9BXY4.pdb
P13725,1996,79.62907815631269,65.38076152304609,P13725.pdb
Q8TEU8,4455,76.5805117845121,72.74971941638609,Q8TEU8.pdb
P05089,2447,97.08426644871257,98.85574172456069,P05089.pdb
P00738,3182,86.65695474544223,89.25204274041484,P00738.pdb
Q12904,2403,81.26261756138152,77.69454848106534,Q12904.pdb
P05412,2501,62.21126749300247,31.507397041183527,P05412.pdb
Q969Z4,3233,64.02574389112252,38.818434890194865,Q969Z4.pdb
Q8WVN6,1907,75.41748820136316,60.041950707918204,Q8WVN6.pdb
Q9Y337,2242,83.704397859054,77.921498661909,Q9Y337.pdb
Q99497,1392,98.4191738505749,99.42528735632183,Q99497.pdb
Q03403,992,93.5830645161292,95.56451612903226,Q03403.pdb
P01023,11496,82.13790100904615,85.90814196242171,P01023.pdb
Q9Y5W5,2895,79.97558203799647,80.24179620034543,Q9Y5W5.pdb
Q9Y3C8,1374,93.5709243085885,95.99708879184861,Q9Y3C8.pdb
P34130,1577,78.83112238427422,62.71401395053899,P34130.pdb
Q02223,1401,65.22600285510367,39.543183440399716,Q02223.pdb
P20226,2648,78.47472432024222,67.40936555891238,P20226.pdb
Q08334,2604,82.6319854070655,72.61904761904762,Q08334.pdb
P21781,1575,82.22664126984064,68.5079365079365,P21781.pdb
P11362,6446,76.04377133105734,69.28327645051195,P11362.pdb
P05154,3214,85.72988799004341,84.56751711263223,P05154.pdb
P53778,2951,88.2853744493389,90.17282277194172,P53778.pdb
P78504,9280,73.29180280172383,69.74137931034483,P78504.pdb
P53350,4804,85.16988967527017,83.992506244796,P53350.pdb
P10636,5544,49.34218073593069,7.828282828282829,P10636.pdb
P26992,2869,83.82912861624268,77.48344370860927,P26992.pdb
O14944,1328,69.85650602409652,62.87650602409639,O14944.pdb
Q8N2W9,3957,76.78909780136419,65.47889815516805,Q8N2W9.pdb
O76036,2429,84.11078221490305,75.42198435570194,O76036.pdb
P20809,1509,83.24209410205415,79.72166998011929,P20809.pdb
Q9UBX7,2173,83.12491946617601,78.32489645651174,Q9UBX7.pdb
P21741,1088,73.10763786764726,58.91544117647059,P21741.pdb
P35030,2281,82.47848750547959,74.3533537921964,P35030.pdb
P24593,2126,75.86405926622739,66.18062088428974,P24593.pdb
P39877,1097,91.73145852324511,86.69097538742024,P39877.pdb
Q9UK55,3564,87.52920033669974,83.81032547699215,Q9UK55.pdb
P37173,4520,81.67127654867203,78.14159292035399,P37173.pdb
Q8NHL6,4992,73.03942508012732,63.46153846153846,Q8NHL6.pdb
P06239,4088,84.33331457925708,82.90117416829746,P06239.pdb
Q9HCR9,7357,79.22731955960315,77.898599972815,Q9HCR9.pdb
P01375,1808,85.00767146017668,75.4424778761062,P01375.pdb
Q15582,5244,90.31153127383631,89.47368421052632,Q15582.pdb
P07947,4280,83.11075233644857,81.61214953271028,P07947.pdb
P53634,3652,90.37856516977078,90.58050383351588,P53634.pdb
P41159,1311,80.44427917620142,67.7345537757437,P41159.pdb
Q99988,2396,75.41460350584332,65.73455759599332,Q99988.pdb
Q29983,3018,82.6223227302852,77.89927104042413,Q29983.pdb
Q06830,1560,97.18964743589747,99.1025641025641,Q06830.pdb
P10643,6539,79.98146046796188,83.4837131059795,P10643.pdb
Q16620,6467,77.86901654553955,75.56826967682079,Q16620.pdb
P42701,5136,77.25547702492229,75.01947040498442,P42701.pdb
P42702,8708,73.94036058796468,68.82177308222325,P42702.pdb
Q9NRM6,3920,80.24450765306229,76.98979591836735,Q9NRM6.pdb
P27797,3399,89.672271256252,89.1732862606649,P27797.pdb
Q9H293,1422,79.12796061884679,63.71308016877637,Q9H293.pdb
Q14432,8775,61.48642849002779,43.03133903133903,Q14432.pdb
Q08345,7123,77.76596097150131,72.41330899901726,Q08345.pdb
P48788,1487,80.44965702757229,70.88096839273706,P48788.pdb
P30533,2929,75.86807784226707,70.29702970297029,P30533.pdb
O60469,15636,70.52743284727524,68.47659247889486,O60469.pdb
P49773,970,96.4996701030926,99.17525773195877,P49773.pdb
O75791,2681,71.32721745617344,62.29019022752704,O75791.pdb
O00170,2644,91.21723146747334,95.00756429652041,O00170.pdb
P51512,4918,77.54593330622218,71.24847498983327,P51512.pdb
P33681,2320,86.30076724137977,82.71551724137932,P33681.pdb
P29401,4770,96.98717819706455,99.39203354297695,P29401.pdb
P54108,1934,92.58540847983465,90.4343329886246,P54108.pdb
O15197,7790,81.1542888318348,81.3992297817715,O15197.pdb
O00533,9522,77.98268431001844,77.49422390254148,O00533.pdb
P13497,7826,83.25712624584682,87.2476360848454,P13497.pdb
Q12884,6205,95.86984045124922,97.51813053988718,Q12884.pdb
O00182,2791,85.1284844141884,79.14725904693658,O00182.pdb
O95750,1687,79.54819798458806,62.418494368701836,O95750.pdb
P05231,1663,86.0438785327721,80.3968731208659,P05231.pdb
P26842,2033,71.69411706837192,52.68076733890802,P26842.pdb
P08700,1211,83.31613542526877,71.67630057803468,P08700.pdb
Q5S007,20070,77.61925112107855,79.95017438963627,Q5S007.pdb
P38484,2671,83.93575439910093,72.9314863347061,P38484.pdb
P0DJI8,957,94.01235109717892,99.16405433646813,P0DJI8.pdb
Q9UNA0,7138,78.29073690109188,77.99103390305407,Q9UNA0.pdb
Q8IU85,3017,77.17817368246598,71.92575406032483,Q8IU85.pdb
P01574,1569,89.80077756532808,90.94964945825367,P01574.pdb
P23396,1875,91.33647466666639,93.22666666666667,P23396.pdb
P30044,1553,86.17573728267848,76.62588538312943,P30044.pdb
P17612,2872,95.82370125348226,97.00557103064067,P17612.pdb
P11171,6821,63.393443776572255,42.92625714704589,P11171.pdb
Q9Y6Q6,4606,59.98297655232315,36.669561441597914,Q9Y6Q6.pdb
P22748,2463,89.73894031668736,85.74908647990256,P22748.pdb
P0CG48,5417,88.88354070518749,95.8094886468525,P0CG48.pdb
P42679,3973,83.78211930531177,83.31235841933048,P42679.pdb
Q9NYA1,2986,91.4840388479573,92.33087742799732,Q9NYA1.pdb
P19320,5688,84.47296765119518,85.17932489451476,P19320.pdb
P50579,3705,86.07584075573527,78.29959514170041,P50579.pdb
Q08431,3038,88.33154377880152,91.40882159315339,Q08431.pdb
P20839,3882,93.15214837712554,98.09376609994848,P20839.pdb
Q9NRJ3,997,73.22394182547664,60.18054162487463,Q9NRJ3.pdb
Q9Y5Y7,2470,68.86412550607268,54.93927125506073,Q9Y5Y7.pdb
P20700,4649,82.6346633684667,79.07076790707679,P20700.pdb
P24158,1957,90.07619826264671,87.53193663771079,P24158.pdb
P62258,2043,92.8958981889379,93.44101811062163,P62258.pdb
Q03154,3240,96.55884876543261,98.4567901234568,Q03154.pdb
P16581,4646,83.42138613861458,85.75118381403358,P16581.pdb
P37840,1013,73.23031589338596,60.11846001974334,P37840.pdb
P48960,6431,79.12071373036848,82.33556212097652,P48960.pdb
Q9Y336,3522,73.83762918796138,62.9755820556502,Q9Y336.pdb
Q9UJ71,2587,87.33454194047087,85.0019327406262,Q9UJ71.pdb
Q9HCB6,6341,77.4239362876521,71.96025863428481,Q9HCB6.pdb
P48357,9319,66.46220731838301,58.16074686125121,P48357.pdb
P01106,3427,62.69887365042322,26.407936971111763,P01106.pdb
Q14019,1123,90.72093499554761,90.82813891362423,Q14019.pdb
Q06187,5368,84.98775149031366,87.36959761549925,Q06187.pdb
Q14108,3830,92.8949712793732,95.45691906005221,Q14108.pdb
P61328,1925,78.3628155844162,67.79220779220779,P61328.pdb
P02751,19149,70.33275732414172,62.05545981513395,P02751.pdb
P19883,2628,87.55881278538806,82.42009132420091,P19883.pdb
P27169,2807,97.01926968293589,100.0,P27169.pdb
Q15181,2301,96.00602781399355,98.21816601477619,Q15181.pdb
P02753,1618,90.53745982694693,87.7008652657602,P02753.pdb
P08684,4034,92.87170798215175,96.50470996529499,P08684.pdb
Q8NBP7,5208,84.85691244239673,81.35560675883256,Q8NBP7.pdb
Q9P286,5682,63.19532030974993,44.56177402323125,Q9P286.pdb
P05156,4593,84.71393642499535,83.56194208578272,P05156.pdb
P00973,3247,84.2137788728063,83.58484755158608,P00973.pdb
Q9NRA1,2743,77.8161538461538,74.58986511119213,Q9NRA1.pdb
P29597,9409,82.70787650122124,84.40854501009672,P29597.pdb
P15498,6908,87.1454154603361,89.37463810075275,P15498.pdb
P35475,5146,95.13159152739979,94.6366109599689,P35475.pdb
P10144,1946,92.52044707091463,91.72661870503596,P10144.pdb
P63000,1506,93.69618857901733,92.69588313413014,P63000.pdb
P01008,3697,85.0432999729514,86.34027589937787,P01008.pdb
Q16539,2907,89.27592707258326,91.84726522187823,Q16539.pdb
P10082,788,70.54755076142118,48.984771573604064,P10082.pdb
Q86YT9,3112,73.47702442159405,63.36760925449872,Q86YT9.pdb
Q00987,3859,62.998066856698465,38.63695257838818,Q00987.pdb
Q92851,4140,69.95198550724665,62.0048309178744,Q92851.pdb
P08865,2317,79.95257229175692,74.14760466119984,P08865.pdb
P36222,3008,94.99145944149012,94.08244680851064,P36222.pdb
P62979,1259,89.5107863383636,93.96346306592534,P62979.pdb
P26718,1772,78.29742663656924,68.62302483069978,P26718.pdb
Q14943,2987,81.35067291596897,76.16337462336793,Q14943.pdb
Q99856,4413,62.94219125311542,37.525492861998636,Q99856.pdb
Q99714,1888,96.74476694915239,99.04661016949152,Q99714.pdb
P16234,8623,73.42480227299048,67.70265568827554,P16234.pdb
P20138,2802,78.82047466095689,66.8807994289793,P20138.pdb
O14931,1522,84.00717477003927,75.62417871222075,O14931.pdb
O43155,5208,75.47368471582215,64.20890937019969,O43155.pdb
P30085,1558,97.18050706033372,100.0,P30085.pdb
P61088,1208,95.98673841059599,99.33774834437085,P61088.pdb
P19438,3528,71.6829081632654,59.750566893424036,P19438.pdb
P01298,733,75.90286493860835,55.7980900409277,P01298.pdb
P04075,2772,96.52862554112475,97.22222222222221,P04075.pdb
O95150,1975,82.11392405063305,73.46835443037975,O95150.pdb
P00746,1896,91.082858649789,88.92405063291139,P00746.pdb
O15031,14419,82.70651085373342,85.64394202094459,O15031.pdb
P06732,3033,95.1912792614571,98.74711506758985,P06732.pdb
P12259,17734,62.25119375211522,53.91338671478516,P12259.pdb
O43508,1919,77.63646169880155,65.13809275664408,O43508.pdb
P62993,1783,88.12695457094783,92.65283230510376,P62993.pdb
